Wir suchen eine Wohnung,https://www.markt.de/saarlouis/mietwohnungen/wir+suchen+eine+wohnung/a/c56e7a4b/,"650,00 €",Immobilien >> Mietwohnungen,"Nette Frau mit Tochter sucht 4 ZKB Balkon oder Terrasse ab Juni 2022 Miete 850 Euro inkl. allen Nebenkosten Saarlouis - Innenstadt ( Roden und Fraulautern ausgeschlossen ) Ich bin Selbstzahler Angestellt bei der Stadt Saarlouis Nichtraucher , ordentlich, ruhig Ein Zergkaninchen sollte kein Problem sein Nur von privat- keine Makler",https://static.markt.de/bundles/jkfjc9h9/image/markt/categoryDummyImages/1603000000_116x87.svg

Gesucht: 2-3 ZKB in Bonn-Südstadt u. Umgebung für Pärchen,https://www.markt.de/bonn/mietwohnungen/gesucht+2+3+zkb+in+bonn+suedstadt+u+umgebung+fuer+paerchen/a/0a02062f/,"1.200,00 €",Nummer anzeigen >> Immobilien >> Mietwohnungen,"Wir (Giulia, 30 Jahre, und Kevin, 31 Jahre) sind gerade aus München zurück ins Rheinland gezogen suchen ab sofort eine Wohnung im Umfeld der Bonner Südstadt. Giulia arbeitet im Home Office für ein Münchner Übersetzungsbüro, Kevin als Texter für eine Bonner IT-Firma. Unser Nettoeinkommen beträgt 4400 Euro. Wir sind Nichtraucher und besitzen keine Haustiere. Da sich Kevins Arbeitsplatz in der Südstadt befindet, kommen für uns Wohnungen in Kessenich, Poppelsdorf, Endenich, Weststadt, Bonn-Zentrum und Beuel-Mitte infrage. Wir wünschen uns 2 bis 3 Zimmer mit Küche und Bad für eine Warmmiete von maximal 1400 Euro. Optional würden wir uns über einen Balkon und eine Lage im 1. OG oder höher freuen. Da wir zwischenzeitlich bei Kevins Eltern untergekommen sind, können wir Ihre Wohnung zu Ihrem Wunschtermin beziehen. Wir haben normalerweise jeden Wochentag ab 18 Uhr und am Wochenende rund um die Uhr Zeit. Wir freuen uns auf Ihre Nachricht und verbleiben mit freundlichen Grüßen Giulia und Kevin",https://imagecache.markt.de/apliKxKjLpWCjWsnxVdKw11tn9s=/188x141/images_classifieds/85/e2/4f0c-dafe-495a-b9eb-c05b164d25d8/image

"Exklusive, geräumige 1-Zimmer-Erdgeschosswohnung mit EBK in Rodenkirchen, Köln",https://www.markt.de/koeln/mietwohnungen/exklusive+geraeumige+1+zimmer+erdgeschosswohnung+mit+ebk+in+rodenkirchen+koeln/a/295684b5/,"530,00 €",Nummer anzeigen >> Immobilien >> Mietwohnungen,"Die Wohnung Erdgeschoss frei ab 01.04.2022 Balkon Einbauküche Energie / Versorgung Energieträger: Gas Zentralheizung Objektbeschreibung Bei dieser ansprechenden Immobilie handelt es sich um eine EG-Wohnung. Ein attraktives Zimmer bildet das Objekt. Zur Innenausstattung gehört auch eine Einbauküche. Ausstattung Laminatboden, Kleine Küche, Küchenmöbel und Waschmaschine Stichworte Anzahl Balkone: 1 Lagebeschreibung Das Objekt finden Sie in lebendiger Gegend in Köln Rodenkirchen. Mehrere Bus- und Tramlinien sind fußläufig zu erreichen. In Laufnähe gibt es ein paar Restaurants, Ärzte, Bäckereien, Cafés und ein Einkaufszentrum. Verschiedene Modegeschäfte, Grün- und Parkanlagen, Fitnessstudios, eine Bar und eine Buchhandlung finden Sie ebenfalls vor Ort. Innerhalb von 3 Minuten sind Sie direkt am Rhein. Preise & Kosten Preise Kaltmiete 530 € Nebenkosten 130 € Heizkosten in Nebenkosten enthalten Warmmiete 660 € Kaution 1590 €",https://imagecache.markt.de/PkbMJVzAUi12FbsYkXA8s-lV3nw=/141x188/filters:rotate(-270)/images_classifieds/24/96/f3ed-fe6a-4945-93ca-5460f18d7804/image

Suche Wohnung oder Haus,https://www.markt.de/berlin/mietwohnungen/suche+wohnung+oder+haus/a/a761f135/,"0,00 €",Immobilien >> Mietwohnungen,"Hallo ich bin weiblich 24 und mache eine Ausbildung zur Medizinischen fachangestellten beim Augenarzt ich suche eine alleinige Wohnung oder ein kleines Haus in Berlin ich bin sehr sauber und ordentlich, ich kann vorerst leider nicht mehr wie 480€ warm zahlen",https://static.markt.de/bundles/jkfjc9h9/image/markt/categoryDummyImages/1603000000_116x87.svg

VERMIETE  TIEFGARAGE.,https://www.markt.de/esslingen-neckar/mietwohnungen/vermiete+tiefgarage/a/66e9c8d3/,"60,00 €",Nummer anzeigen >> Immobilien >> Mietwohnungen,"VERMIETE TIEFGARAGE AB SOFORT IN DER HAUPTSTR.12-1 73730 ESSLINGEN. INTERESSENTINNEN(ER),MELDEN SICH BITTE UNTER DER HANDYNUMMER 017670471931 ODER 017680397696. MIETE:55EURO KAUTION:100 EURO",https://imagecache.markt.de/Cby7HHdR-5w0rikhdR0RHM9kUbI=/188x141/images_classifieds/de/b1/0dd6-3e25-4ef3-958b-870a919eaff1/image

2 zimmer wohnung in obersendling zu vermieten,https://www.markt.de/muenchen/mietwohnungen/2+zimmer+wohnung+in+obersendling+zu+vermieten/a/46502401/,"1.200,00 €",Immobilien >> Mietwohnungen,"suche neue mieter für meine zwei zimmer wohnung. die wohnung hat einen sehr guten schnitt. die wohnung befindet sich im erdgeschoss und hat einen eigenen kleinen garten. die zimmer sind sehr gross und haben beide separaten ausgang auf die terasse. die küche ist getrennt und wird mit der einbauküche (inkl. kühlschrank und spülmaschine) vermietet. das bad ist auch sehr großzügig geschnitten und hat einen anschluss für die waschmaschine. die wohnung wird zum 30.6. frei, nach absprache gerne früher. zur wohnung gehört ein kellerabteil. kaltmiete: 1200 Euro nebenkosten inkl. heizkosten: 150 Euro warmmiete: 1350 Euro die kaution beträgt 3 monatsmieten (kalt). für die küche ist keine ablöse zu bezahlen. falls sie interesse haben, senden sie mir bitte ihre kompletten unterlagen per email zu. alle anderen anfragen werden ignoriert.",https://imagecache.markt.de/oV6GmChhkaWEKKLND8HOEkd7Ot4=/188x141/images_classifieds/48/b8/c0a4-44a4-4351-889a-5b2a2398d170/image

2 Zimmer wohnung zu vermieten voll möbliert,https://www.markt.de/berlin/mietwohnungen/2+zimmer+wohnung+zu+vermieten+voll+moebliert/a/d7031baa/,"496,00 €",Immobilien >> Mietwohnungen,Hallo ich vermiete meine Eigentumswohnung in Berlin an im Bezirk Steglitz Warmmiete 602.€ die wohnung hat 65 Quadratmeter Einbauküche boxspringbett waschmaschine / Spülmaschine Couch mit Bettkasten couchtisch fernseher 75 Zoll Fernseher im Schlafzimmer 55 Zoll ikea paxschrank Kleiderschrank Abstellkammer mit Regal die Sachen dürfen genutzt werden möchte keinen Abstand dafür Bei Abgabe der wohnung müssen sie die Sachen da lassen,https://imagecache.markt.de/3ANa3RhgqDNnKh2FVKYHYA6hWg0=/188x141/images_classifieds/25/41/51a0-fa91-4986-8df6-0bb5500db7b1/image

LU-Mundenheim: 89-qm-Wohnung mit Charme in sehr guter Lage - BITTE KEINE MAKLER!,https://www.markt.de/frankenthal-pfalz/mietwohnungen/lu+mundenheim+89+qm+wohnung+mit+charme+in+sehr+guter+lage+bitte+keine+makler/a/af25b00a/,"850,00 €",Immobilien >> Mietwohnungen,"Erdgeschosswohnung im Altbau mit Bad, zweiter Toilette, sehr geräumigem Wohnzimmer mit Blick über Gärten, 2 Schlafzimmern, Küche, 12 qm Keller plus Fahrrad-Abstellplatz ab sofort an ruhige Mieter (NR) zu vergeben. Optimale Anbindung an öffentliche Verkehrsmittel vorhanden, Parkmöglichkeiten auf der Straße. Malerarbeiten erforderlich, nicht renovierungsbedürftig. Mietpreis: 850,- EUR + NK. Kontaktaufnahme mit kurzem Steckbrief über genannte Email.",https://imagecache.markt.de/UaykxeIVppiceVYL4aq9-pEvlPE=/188x141/images_classifieds/4a/5b/cec3-80c5-4a61-9870-47544baa4aba/image

Singlewohnung möbliert zu vermieten ab 15.4.2022 oder später,https://www.markt.de/moenchengladbach/mietwohnungen/singlewohnung+moebliert+zu+vermieten+ab+15+4+2022+oder+spaeter/a/d78b5803/,"500,00 €",Nummer anzeigen >> Immobilien >> Mietwohnungen,"Im Gründerzeitviertel auf der Hermannstraße in Mönchengladbach wird zum 15.4.2022 oder später eine gemütliche frisch renovierte möblierte Dachgeschoßwohnung für Single frei. Besichtigungen sind ab sofort nach Absprache möglich. Sie besteht aus 1 Wohn- Schlafraum mit Laminat ausgelegt eingerichtet mit Sofa, Schrank, Tisch,TV, Bett,Stuhl, Schreibtisch. Zur Zeit wird der Wohnraum noch mit teilweisen neuen Möbeln ausgestattet. ( 140x200m Brimnes Bett weiß, Lack Tisch weiß, Teppich grau , Klippan Sofabezug grau,Arbeitsleuchte grau alles von Ikea) Schreibtisch / Stuhl neu Die Wohnung ist gerade frisch renoviert. Bettwäsche , Kopfkissen, Zudecke, Matratze, Handtücher muss der Mieter selbst mitbringen. Eine offene Diele ist mit hellgrauen Fliesen und 2 Regalen, Spiegel,Garderobe, Schuhbank ausgestattet. Alle Räume verfügen über große Veluxfenster mit Rollo zum abdunkeln in dunkelblau. Das Bad ist weiß gefliest und hat eine Dusche,Toilette, Waschtisch und ist entsprechend ausgestattet mit Duschvorhang, Duschmatte Spiegel,Schrank Handtuchhaltern, Strahler. In der Küche befinden sich Spüle, Regale, Schränke, ein Kochfeld und ein Kühlschrank mit Gefrierfach, einer Mikrowelle, sowie Geschirr,Pfannen und Töpfe, Kaffeemaschine und ein Esstisch mit 2 Stühlen. Zur Ausstattung der Wohnung gehört auch eine eigene Waschmaschine, diese steht auf der gleichen Etage im Trocken / Waschraum. Ein zusätzlicher Kellerraum als Stauraum steht Ihnen ebenfalls zur Verfügung. Kabelanschluß vorhanden. DIe Wohnung befindet sich in zentraler Lage in MG-Oberstadt unweit vom Einkaufszentrum ""MINTO"". Alle Geschäfte sind fußläufig erreichbar , ebenso alle öffentlichen Verkehrsmittel wie Bus und Bahn. Zur BAB 61 und 52 sind es ca. 5 Min.mit dem Auto. Als Erholung dient der Bunte Garten, dieser ist fußläufig erreichbar und ideal zum Joggen, etc. Es handelt sich hier um eine Eigentumswohnung in einer kleinen Wohnanlage, überwiegend von den Eigentümern bewohnt. Im Mietpreis sind die Heizkosten und Nebenkosten nicht enthalten. Diese betragen 100€ zusätzlich.Die Warmmiete beträgt 600€ mtl. Die Wohnung wird nur an Single und Nichtraucher vermietet!",https://imagecache.markt.de/U_991eZzCGMn8QoAanBsc31azjM=/141x188/filters:rotate(-270)/images_classifieds/17/53/ed30-4e3c-4c53-9d9d-28dba528f328/image

Ich suche ein mietewhonung,https://www.markt.de/dessau-rosslau/mietwohnungen/ich+suche+ein+mietewhonung/a/29fe1efd/,"400,00 €",Nummer anzeigen >> Immobilien >> Mietwohnungen,Ich suche eine Miete für eine Person und ein 5 jähriges Kind die Miete wird vom Jobcenter übernommen,https://static.markt.de/bundles/jkfjc9h9/image/markt/categoryDummyImages/1603000000_116x87.svg

Schöne 2 Raumwohnung in Klink,https://www.markt.de/klink/mietwohnungen/schoene+2+raumwohnung+in+klink/a/893b264a/,"460,00 €",Nummer anzeigen >> Immobilien >> Mietwohnungen,Suche/Biete zum nächst möglichen Zeitpunkt einen Nachmieter für meine kleine 2 Raumwohnung in Klink. Die Wohnung befindet sich unmittelbar beim schönen Schloß Klink. Bei fragen einfach melden Einzug könnte nach Absprache zeitnahe geschehen. Voraussetzung wäre einmal eine Mieterauskunft und Schufa Abfragen durch den Vermieter ( WOGEWA Waren),https://imagecache.markt.de/I1-CtVsPyT0OD6OhY7QNNXYNCrs=/188x141/images_classifieds/a5/a4/1056-9ca2-40f9-9ecd-0f096487108c/image

3 Zimmer Wohnung Usingen,https://www.markt.de/usingen/mietwohnungen/3+zimmer+wohnung+usingen/a/4bc96a51/,"950,00 €",Immobilien >> Mietwohnungen,Die helle 3 Zimmer Wohnung mit Balkon befindet sich in ruhiger Lage Usingens. Die Wohnung ist ideal für eine Famile mit 1-2 Kimdern geeignet. Mit dem zu Wohnung gehörigen Stellplatz Finden Sie immer einen Parkplatz. Kaltmiete: 950 €,https://imagecache.markt.de/V4K-lLBymjrSzze3UyxSRinaJIc=/141x188/filters:rotate(-270)/images_classifieds/f5/ae/3e48-aa89-4988-84d1-1556e4f0fd5f/image

Suche 2 zw,https://www.markt.de/wuerzburg/mietwohnungen/suche+2+zw/a/30b54050/,"500,00 €",Immobilien >> Mietwohnungen,Hallo ich suche eine 2 Zimmer Wohnung ich würde alleine einziehen die Wohnung sollte nicht mehr wie 520 warm kosten freue mich über alle Angebote suche dringend MfG,https://static.markt.de/bundles/jkfjc9h9/image/markt/categoryDummyImages/1603000000_116x87.svg

"Wohnung zur Miete, 2-Zimmer Wohnung ink. Balkon und Kellerraum in Hennef",https://www.markt.de/hennef-sieg/mietwohnungen/wohnung+zur+miete+2+zimmer+wohnung+ink+balkon+und+kellerraum+in+hennef/a/7c224ae0/,"600,00 €",Immobilien >> Mietwohnungen,"* bitte das Inserat vollständig durchlesen * großzügige 2-Zi Miet-Wohnung in 53773 Hennef-Lichtenberg (ca. 7 km von Hennef-Mitte entfernt) Die Wohnung ist ruhig gelegen. Sie besteht aus: - Wohn- und Esszimmer - Schlafzimmer - Küche - Abstellraum - Bad mit WC - Flur - Balkon - Kellerraum Die Wohnung ist unmöbliert und ohne Einbauküche. Es ist ein überdachter PKW-Stellplatz vorhanden monatl. Kaltmiete 600 EUR monatl. Nebenkosten ca. 300 EUR (zu einem Großteil verbrauchsabhängig) Kaution 1.200 EUR - beziehbar ab Mai 2022, der Vormieter zieht zum 30.04.2022 aus. - = = = = = = = Erforderl. Bewerber-Unterlagen: - gültiger Reisepass/Personalausweis - Bonitätsauskunft - Lohn/Gehalt/Einkommens-Nachweis letzte 3 Monate BITTE AUCH BEACHTEN: - Vermietung mindest 1 Jahr oder länger - keine Haustiere - Nichtraucherhaushalt Sollten wir Ihr Interesse geweckt haben und Sie erfüllen die Voraussetzungen unsererseits, kann gerne kurzfristig ein Termin zur Wohnungs-Besichtigung vereinbart werden. Bitte kontaktieren Sie mich per Nachricht über das Portal.",https://imagecache.markt.de/-gfyaDecAwzZkF2dNc2GGY0Ityw=/188x141/images_classifieds/24/7b/aca1-b829-4e5e-98a5-aae916112c2a/image

Wochenendwohnung,https://www.markt.de/muenchen/mietwohnungen/wochenendwohnung/a/317553e2/,"650,00 €",Immobilien >> Mietwohnungen,"Vermiete eine ruhiggelegene möblierte Wochenendwohnung ca. 42 m² im Isarwinkel, in der Nähe von Bad Tölz und dem Isarwanderweg. Ideal gelegen für Wanderungen und Fahrradausflüge.",https://static.markt.de/bundles/jkfjc9h9/image/markt/categoryDummyImages/1603000000_116x87.svg

Wohnung gesucht,https://www.markt.de/rees/mietwohnungen/wohnung+gesucht/a/399e27fd/,"600,00 €",Immobilien >> Mietwohnungen,"Ich,31J,NR,KT,keine Kinder suche eine Wohnung in der Umgebung von Dingden.Ich habe ein festes Einkommen.",https://static.markt.de/bundles/jkfjc9h9/image/markt/categoryDummyImages/1603000000_116x87.svg

40qm 1 Zimmer Wohnung in Rotenburg zu vermieten,https://www.markt.de/rotenburg-wuemme/mietwohnungen/40qm+1+zimmer+wohnung+in+rotenburg+zu+vermieten/a/7ad0c255/,"350,00 €",Immobilien >> Mietwohnungen,"1 Zimmer, 40 qm, Küchenzeile, Abstellraum in der Wohnung und zusätzlich unter dem Dach, Fahrradraum. Bei Interesse bitte eine Nachricht schreiben.",https://imagecache.markt.de/XMEeixrBgZFjCikfn7OuXLax5jk=/188x141/images_classifieds/31/b1/1b28-de30-4878-9530-9bccd130a0ce/image

Schöne kleine Dachgeschosswohnung in einem ruhigen III – Familienhaus in Dortmund – Aplerbeck,https://www.markt.de/dortmund/mietwohnungen/schoene+kleine+dachgeschosswohnung+in+einem+ruhigen+iii+familienhaus+in+dortmund+aplerbeck/a/0a71c99d/,"360,00 €",Immobilien >> Mietwohnungen,"Die hier angebotene Wohnung befindet sich in Dortmund Aplerbeck in der Schwerter Straße. Die Schwerter Straße ist in diesem Bereich als verkehrsberuhigte Zone ausgebaut. Die Wohnung hat eine Größe von rd. 45 m². Sie besteht aus 2 Zimmern, Diele, Bad/WC, einer kleinen Abstellkammer & einer Logia. Die Gesamtmiete beträgt 460 € - 360 € Miete - 100 € Betriebskosten in der Miete sind die Heizkosten nicht enthalten Vom Vermieter wird eine Schufaauskunft, ein festes Einkommen aus Arbeit sowie eine Mietabsicht von mindestens 2 Jahren vorausgesetzt.",https://imagecache.markt.de/87rkOCKqT6DMLO6-yc1AlQdoGaM=/188x141/images_classifieds/bf/d3/0aeb-5dfa-45c2-8dd3-9882252661d9/image

