Wir suchen eine Wohnung,https://www.markt.de/saarlouis/mietwohnungen/wir+suchen+eine+wohnung/a/c56e7a4b/,Mietwohnungen,66740 Saarlouis,https://static.markt.de/bundles/jkfjc9h9/image/markt/categoryDummyImages/1603000000_116x87.svg
Gesucht: 2-3 ZKB in Bonn-Südstadt u. Umgebung für Pärchen,https://www.markt.de/bonn/mietwohnungen/gesucht+2+3+zkb+in+bonn+suedstadt+u+umgebung+fuer+paerchen/a/0a02062f/,Mietwohnungen,53113 Bonn,https://imagecache.markt.de/apliKxKjLpWCjWsnxVdKw11tn9s=/188x141/images_classifieds/85/e2/4f0c-dafe-495a-b9eb-c05b164d25d8/image
"Exklusive, geräumige 1-Zimmer-Erdgeschosswohnung mit EBK in Rodenkirchen, Köln",https://www.markt.de/koeln/mietwohnungen/exklusive+geraeumige+1+zimmer+erdgeschosswohnung+mit+ebk+in+rodenkirchen+koeln/a/295684b5/,Mietwohnungen,50996 Köln,https://imagecache.markt.de/PkbMJVzAUi12FbsYkXA8s-lV3nw=/141x188/filters:rotate(-270)/images_classifieds/24/96/f3ed-fe6a-4945-93ca-5460f18d7804/image
Suche Wohnung oder Haus,https://www.markt.de/berlin/mietwohnungen/suche+wohnung+oder+haus/a/a761f135/,Mietwohnungen,10629 Berlin,https://static.markt.de/bundles/jkfjc9h9/image/markt/categoryDummyImages/1603000000_116x87.svg
VERMIETE  TIEFGARAGE.,https://www.markt.de/esslingen-neckar/mietwohnungen/vermiete+tiefgarage/a/66e9c8d3/,Mietwohnungen,73730 Esslingen (Neckar),https://imagecache.markt.de/Cby7HHdR-5w0rikhdR0RHM9kUbI=/188x141/images_classifieds/de/b1/0dd6-3e25-4ef3-958b-870a919eaff1/image
2 zimmer wohnung in obersendling zu vermieten,https://www.markt.de/muenchen/mietwohnungen/2+zimmer+wohnung+in+obersendling+zu+vermieten/a/46502401/,Mietwohnungen,81379 München,https://imagecache.markt.de/oV6GmChhkaWEKKLND8HOEkd7Ot4=/188x141/images_classifieds/48/b8/c0a4-44a4-4351-889a-5b2a2398d170/image
2 Zimmer wohnung zu vermieten voll möbliert,https://www.markt.de/berlin/mietwohnungen/2+zimmer+wohnung+zu+vermieten+voll+moebliert/a/d7031baa/,Mietwohnungen,12247 Berlin,https://imagecache.markt.de/3ANa3RhgqDNnKh2FVKYHYA6hWg0=/188x141/images_classifieds/25/41/51a0-fa91-4986-8df6-0bb5500db7b1/image
LU-Mundenheim: 89-qm-Wohnung mit Charme in sehr guter Lage - BITTE KEINE MAKLER!,https://www.markt.de/frankenthal-pfalz/mietwohnungen/lu+mundenheim+89+qm+wohnung+mit+charme+in+sehr+guter+lage+bitte+keine+makler/a/af25b00a/,Mietwohnungen,67227 Frankenthal (Pfalz),https://imagecache.markt.de/UaykxeIVppiceVYL4aq9-pEvlPE=/188x141/images_classifieds/4a/5b/cec3-80c5-4a61-9870-47544baa4aba/image
Singlewohnung möbliert zu vermieten ab 15.4.2022 oder später,https://www.markt.de/moenchengladbach/mietwohnungen/singlewohnung+moebliert+zu+vermieten+ab+15+4+2022+oder+spaeter/a/d78b5803/,Mietwohnungen,41061 Mönchengladbach,https://imagecache.markt.de/U_991eZzCGMn8QoAanBsc31azjM=/141x188/filters:rotate(-270)/images_classifieds/17/53/ed30-4e3c-4c53-9d9d-28dba528f328/image
Ich suche ein mietewhonung,https://www.markt.de/dessau-rosslau/mietwohnungen/ich+suche+ein+mietewhonung/a/29fe1efd/,Mietwohnungen,06842 Dessau-Roßlau,https://static.markt.de/bundles/jkfjc9h9/image/markt/categoryDummyImages/1603000000_116x87.svg
Suche 1 Zimmerwohnung in Verden,https://www.markt.de/bremen/mietwohnungen/suche+1+zimmerwohnung+in+verden/a/8b4ca240/,Mietwohnungen,28239 Bremen,https://static.markt.de/bundles/jkfjc9h9/image/markt/categoryDummyImages/1603000000_116x87.svg
Schöne 2 Raumwohnung in Klink,https://www.markt.de/klink/mietwohnungen/schoene+2+raumwohnung+in+klink/a/893b264a/,Mietwohnungen,17192 Klink,https://imagecache.markt.de/I1-CtVsPyT0OD6OhY7QNNXYNCrs=/188x141/images_classifieds/a5/a4/1056-9ca2-40f9-9ecd-0f096487108c/image
Dringend Wohnung gesucht,https://www.markt.de/hannover/mietwohnungen/dringend+wohnung+gesucht/a/c43a32e9/,Mietwohnungen,30159 Hannover,https://imagecache.markt.de/UTJF0ODV9cAal3rWx0t3ReDjtQQ=/188x141/images_classifieds/c7/4d/693c-1ba5-462e-b460-69b18455e5e1/image
3 Zimmer Wohnung Usingen,https://www.markt.de/usingen/mietwohnungen/3+zimmer+wohnung+usingen/a/4bc96a51/,Mietwohnungen,61250 Usingen,https://imagecache.markt.de/V4K-lLBymjrSzze3UyxSRinaJIc=/141x188/filters:rotate(-270)/images_classifieds/f5/ae/3e48-aa89-4988-84d1-1556e4f0fd5f/image
Suche 2 zw,https://www.markt.de/wuerzburg/mietwohnungen/suche+2+zw/a/30b54050/,Mietwohnungen,97080 Würzburg,https://static.markt.de/bundles/jkfjc9h9/image/markt/categoryDummyImages/1603000000_116x87.svg
"Wohnung zur Miete, 2-Zimmer Wohnung ink. Balkon und Kellerraum in Hennef",https://www.markt.de/hennef-sieg/mietwohnungen/wohnung+zur+miete+2+zimmer+wohnung+ink+balkon+und+kellerraum+in+hennef/a/7c224ae0/,Mietwohnungen,53773 Hennef (Sieg),https://imagecache.markt.de/-gfyaDecAwzZkF2dNc2GGY0Ityw=/188x141/images_classifieds/24/7b/aca1-b829-4e5e-98a5-aae916112c2a/image
Wochenendwohnung,https://www.markt.de/muenchen/mietwohnungen/wochenendwohnung/a/317553e2/,Mietwohnungen,81377 München,https://static.markt.de/bundles/jkfjc9h9/image/markt/categoryDummyImages/1603000000_116x87.svg
Wohnung gesucht,https://www.markt.de/rees/mietwohnungen/wohnung+gesucht/a/399e27fd/,Mietwohnungen,46459 Rees,https://static.markt.de/bundles/jkfjc9h9/image/markt/categoryDummyImages/1603000000_116x87.svg
40qm 1 Zimmer Wohnung in Rotenburg zu vermieten,https://www.markt.de/rotenburg-wuemme/mietwohnungen/40qm+1+zimmer+wohnung+in+rotenburg+zu+vermieten/a/7ad0c255/,Mietwohnungen,27356 Rotenburg (Wümme),https://imagecache.markt.de/XMEeixrBgZFjCikfn7OuXLax5jk=/188x141/images_classifieds/31/b1/1b28-de30-4878-9530-9bccd130a0ce/image
Schöne kleine Dachgeschosswohnung in einem ruhigen III – Familienhaus in Dortmund – Aplerbeck,https://www.markt.de/dortmund/mietwohnungen/schoene+kleine+dachgeschosswohnung+in+einem+ruhigen+iii+familienhaus+in+dortmund+aplerbeck/a/0a71c99d/,Mietwohnungen,44339 Dortmund,https://imagecache.markt.de/87rkOCKqT6DMLO6-yc1AlQdoGaM=/188x141/images_classifieds/bf/d3/0aeb-5dfa-45c2-8dd3-9882252661d9/image