title,link,section,position,img
Wir suchen eine Wohnung,https://www.markt.de/saarlouis/mietwohnungen/wir+suchen+eine+wohnung/a/c56e7a4b/,Mietwohnungen,66740ÿSaarlouis,https://static.markt.de/bundles/jkfjc9h9/image/markt/categoryDummyImages/1603000000_116x87.svg
Gesucht: 2-3 ZKB in Bonn-S?dstadt u. Umgebung f?r P?rchen,https://www.markt.de/bonn/mietwohnungen/gesucht+2+3+zkb+in+bonn+suedstadt+u+umgebung+fuer+paerchen/a/0a02062f/,Mietwohnungen,53113ÿBonn,https://imagecache.markt.de/apliKxKjLpWCjWsnxVdKw11tn9s=/188x141/images_classifieds/85/e2/4f0c-dafe-495a-b9eb-c05b164d25d8/image
"Exklusive, ger?umige 1-Zimmer-Erdgeschosswohnung mit EBK in Rodenkirchen, K?ln",https://www.markt.de/koeln/mietwohnungen/exklusive+geraeumige+1+zimmer+erdgeschosswohnung+mit+ebk+in+rodenkirchen+koeln/a/295684b5/,Mietwohnungen,50996ÿK?ln,https://imagecache.markt.de/PkbMJVzAUi12FbsYkXA8s-lV3nw=/141x188/filters:rotate(-270)/images_classifieds/24/96/f3ed-fe6a-4945-93ca-5460f18d7804/image
Suche Wohnung oder Haus,https://www.markt.de/berlin/mietwohnungen/suche+wohnung+oder+haus/a/a761f135/,Mietwohnungen,10629ÿBerlin,https://static.markt.de/bundles/jkfjc9h9/image/markt/categoryDummyImages/1603000000_116x87.svg
VERMIETE  TIEFGARAGE.,https://www.markt.de/esslingen-neckar/mietwohnungen/vermiete+tiefgarage/a/66e9c8d3/,Mietwohnungen,73730ÿEsslingen (Neckar),https://imagecache.markt.de/Cby7HHdR-5w0rikhdR0RHM9kUbI=/188x141/images_classifieds/de/b1/0dd6-3e25-4ef3-958b-870a919eaff1/image
2 zimmer wohnung in obersendling zu vermieten,https://www.markt.de/muenchen/mietwohnungen/2+zimmer+wohnung+in+obersendling+zu+vermieten/a/46502401/,Mietwohnungen,81379ÿM?nchen,https://imagecache.markt.de/oV6GmChhkaWEKKLND8HOEkd7Ot4=/188x141/images_classifieds/48/b8/c0a4-44a4-4351-889a-5b2a2398d170/image
2 Zimmer wohnung zu vermieten voll m?bliert,https://www.markt.de/berlin/mietwohnungen/2+zimmer+wohnung+zu+vermieten+voll+moebliert/a/d7031baa/,Mietwohnungen,12247ÿBerlin,https://imagecache.markt.de/3ANa3RhgqDNnKh2FVKYHYA6hWg0=/188x141/images_classifieds/25/41/51a0-fa91-4986-8df6-0bb5500db7b1/image
LU-Mundenheim: 89-qm-Wohnung mit Charme in sehr guter Lage - BITTE KEINE MAKLER!,https://www.markt.de/frankenthal-pfalz/mietwohnungen/lu+mundenheim+89+qm+wohnung+mit+charme+in+sehr+guter+lage+bitte+keine+makler/a/af25b00a/,Mietwohnungen,67227ÿFrankenthal (Pfalz),https://imagecache.markt.de/UaykxeIVppiceVYL4aq9-pEvlPE=/188x141/images_classifieds/4a/5b/cec3-80c5-4a61-9870-47544baa4aba/image
Singlewohnung m?bliert zu vermieten ab 15.4.2022 oder sp?ter,https://www.markt.de/moenchengladbach/mietwohnungen/singlewohnung+moebliert+zu+vermieten+ab+15+4+2022+oder+spaeter/a/d78b5803/,Mietwohnungen,41061ÿM?nchengladbach,https://imagecache.markt.de/U_991eZzCGMn8QoAanBsc31azjM=/141x188/filters:rotate(-270)/images_classifieds/17/53/ed30-4e3c-4c53-9d9d-28dba528f328/image
Ich suche ein mietewhonung,https://www.markt.de/dessau-rosslau/mietwohnungen/ich+suche+ein+mietewhonung/a/29fe1efd/,Mietwohnungen,06842ÿDessau-Ro?lau,https://static.markt.de/bundles/jkfjc9h9/image/markt/categoryDummyImages/1603000000_116x87.svg
Suche 1 Zimmerwohnung in Verden,https://www.markt.de/bremen/mietwohnungen/suche+1+zimmerwohnung+in+verden/a/8b4ca240/,Mietwohnungen,28239ÿBremen,https://static.markt.de/bundles/jkfjc9h9/image/markt/categoryDummyImages/1603000000_116x87.svg
Sch?ne 2 Raumwohnung in Klink,https://www.markt.de/klink/mietwohnungen/schoene+2+raumwohnung+in+klink/a/893b264a/,Mietwohnungen,17192ÿKlink,https://imagecache.markt.de/I1-CtVsPyT0OD6OhY7QNNXYNCrs=/188x141/images_classifieds/a5/a4/1056-9ca2-40f9-9ecd-0f096487108c/image
Dringend Wohnung gesucht,https://www.markt.de/hannover/mietwohnungen/dringend+wohnung+gesucht/a/c43a32e9/,Mietwohnungen,30159ÿHannover,https://imagecache.markt.de/UTJF0ODV9cAal3rWx0t3ReDjtQQ=/188x141/images_classifieds/c7/4d/693c-1ba5-462e-b460-69b18455e5e1/image
3 Zimmer Wohnung Usingen,https://www.markt.de/usingen/mietwohnungen/3+zimmer+wohnung+usingen/a/4bc96a51/,Mietwohnungen,61250ÿUsingen,https://imagecache.markt.de/V4K-lLBymjrSzze3UyxSRinaJIc=/141x188/filters:rotate(-270)/images_classifieds/f5/ae/3e48-aa89-4988-84d1-1556e4f0fd5f/image
Suche 2 zw,https://www.markt.de/wuerzburg/mietwohnungen/suche+2+zw/a/30b54050/,Mietwohnungen,97080ÿW?rzburg,https://static.markt.de/bundles/jkfjc9h9/image/markt/categoryDummyImages/1603000000_116x87.svg
"Wohnung zur Miete, 2-Zimmer Wohnung ink. Balkon und Kellerraum in Hennef",https://www.markt.de/hennef-sieg/mietwohnungen/wohnung+zur+miete+2+zimmer+wohnung+ink+balkon+und+kellerraum+in+hennef/a/7c224ae0/,Mietwohnungen,53773ÿHennef (Sieg),https://imagecache.markt.de/-gfyaDecAwzZkF2dNc2GGY0Ityw=/188x141/images_classifieds/24/7b/aca1-b829-4e5e-98a5-aae916112c2a/image
Wochenendwohnung,https://www.markt.de/muenchen/mietwohnungen/wochenendwohnung/a/317553e2/,Mietwohnungen,81377ÿM?nchen,https://static.markt.de/bundles/jkfjc9h9/image/markt/categoryDummyImages/1603000000_116x87.svg
Wohnung gesucht,https://www.markt.de/rees/mietwohnungen/wohnung+gesucht/a/399e27fd/,Mietwohnungen,46459ÿRees,https://static.markt.de/bundles/jkfjc9h9/image/markt/categoryDummyImages/1603000000_116x87.svg
40qm 1 Zimmer Wohnung in Rotenburg zu vermieten,https://www.markt.de/rotenburg-wuemme/mietwohnungen/40qm+1+zimmer+wohnung+in+rotenburg+zu+vermieten/a/7ad0c255/,Mietwohnungen,27356ÿRotenburg (W?mme),https://imagecache.markt.de/XMEeixrBgZFjCikfn7OuXLax5jk=/188x141/images_classifieds/31/b1/1b28-de30-4878-9530-9bccd130a0ce/image
Sch?ne kleine Dachgeschosswohnung in einem ruhigen III ? Familienhaus in Dortmund ? Aplerbeck,https://www.markt.de/dortmund/mietwohnungen/schoene+kleine+dachgeschosswohnung+in+einem+ruhigen+iii+familienhaus+in+dortmund+aplerbeck/a/0a71c99d/,Mietwohnungen,44339ÿDortmund,https://imagecache.markt.de/87rkOCKqT6DMLO6-yc1AlQdoGaM=/188x141/images_classifieds/bf/d3/0aeb-5dfa-45c2-8dd3-9882252661d9/image
Wohnung mieten,https://www.markt.de/bruchsal/mietwohnungen/wohnung+mieten/a/65163a40/,Mietwohnungen,76646ÿBruchsal,https://static.markt.de/bundles/jkfjc9h9/image/markt/categoryDummyImages/1603000000_116x87.svg
Nachmieter zum 01.06. in D?rpen gesucht,https://www.markt.de/doerpen/mietwohnungen/nachmieter+zum+01+06+in+doerpen+gesucht/a/7f6314ee/,Mietwohnungen,26892ÿD?rpen,https://static.markt.de/bundles/jkfjc9h9/image/markt/categoryDummyImages/1603000000_116x87.svg
Dringend Kleine Wohnung gesucht !!,https://www.markt.de/berlin/mietwohnungen/dringend+kleine+wohnung+gesucht/a/8dd62abb/,Mietwohnungen,13156ÿBerlin,https://static.markt.de/bundles/jkfjc9h9/image/markt/categoryDummyImages/1603000000_116x87.svg
Studio meubl‚ 30 mý,https://www.markt.de/berlin/mietwohnungen/studio+meubl+30+m/a/841414ed/,Mietwohnungen,10115ÿBerlin,https://imagecache.markt.de/fikiNznEPfAGYiY6j85uJgp2-Vc=/188x141/images_classifieds/20/59/1146-0496-4985-ae60-588f2382d48a/image
"3- Zimmer Wohnung, 64747 Breuberg zu vermieten",https://www.markt.de/breuberg/mietwohnungen/3+zimmer+wohnung+64747+breuberg+zu+vermieten/a/b9e3466f/,Mietwohnungen,64747ÿBreuberg,https://imagecache.markt.de/Y3heKIWOQ6lypjkcBCdpWCPjlJo=/188x141/images_classifieds/0b/c6/c451-9750-4971-9783-e8e90c41897b/image
Einliegerwohnung,https://www.markt.de/guben/mietwohnungen/einliegerwohnung/a/806e4793/,Mietwohnungen,03172ÿGuben,https://static.markt.de/bundles/jkfjc9h9/image/markt/categoryDummyImages/1603000000_116x87.svg
Wohnung zur Miete gesucht,https://www.markt.de/pulheim/mietwohnungen/wohnung+zur+miete+gesucht/a/2cdd5775/,Mietwohnungen,50259ÿPulheim,https://static.markt.de/bundles/jkfjc9h9/image/markt/categoryDummyImages/1603000000_116x87.svg
kleine Wohnung oder Zimmer gesucht Raum Dortmund und Umgebung,https://www.markt.de/dortmund/mietwohnungen/kleine+wohnung+oder+zimmer+gesucht+raum+dortmund+und+umgebung/a/5a1879d2/,Mietwohnungen,44135ÿDortmund,https://static.markt.de/bundles/jkfjc9h9/image/markt/categoryDummyImages/1603000000_116x87.svg
Dringend Wohnung zum 1.4 oder 1.5.22 gesucht,https://www.markt.de/grafschaft/mietwohnungen/dringend+wohnung+zum+1+4+oder+1+5+22+gesucht/a/13b9c849/,Mietwohnungen,53501ÿGrafschaft,https://static.markt.de/bundles/jkfjc9h9/image/markt/categoryDummyImages/1603000000_116x87.svg
1 Zimmer/Apartment gesucht,https://www.markt.de/eichenau/mietwohnungen/1+zimmer+apartment+gesucht/a/9799312f/,Mietwohnungen,82223ÿEichenau,https://imagecache.markt.de/wJwWjCj4X0mJnUe3lxwSr41c4_Q=/188x141/images_classifieds/84/9e/0c23-747a-42bb-adb1-95059c0e1018/image
"m?blierte 2-Zi-Wohnung, Schwabing-West Hornstr.",https://www.markt.de/muenchen/mietwohnungen/moeblierte+2+zi+wohnung+schwabing+west+hornstr/a/4df84101/,Mietwohnungen,80797ÿM?nchen,https://imagecache.markt.de/439rTmieUuQ8w2GSOiOzy5oiSJ8=/188x141/images_classifieds/f0/75/5e76-e905-42c9-b531-0c2687ee1759/image
Biete Wohnung,https://www.markt.de/goerlitz/mietwohnungen/biete+wohnung/a/939083c3/,Mietwohnungen,02826ÿG?rlitz,https://static.markt.de/bundles/jkfjc9h9/image/markt/categoryDummyImages/1603000000_116x87.svg
Gro?z?gige Maisonette-Wohnung zu vermieten 5ZimmerWohnung,https://www.markt.de/bedburg/mietwohnungen/grosszuegige+maisonette+wohnung+zu+vermieten+5zimmerwohnung/a/6a58afa8/,Mietwohnungen,50181ÿBedburg,https://static.markt.de/bundles/jkfjc9h9/image/markt/categoryDummyImages/1603000000_116x87.svg
Ebermannstadt Neubau 50 qm ab 08.22,https://www.markt.de/ebermannstadt/mietwohnungen/ebermannstadt+neubau+50+qm+ab+08+22/a/50174bf2/,Mietwohnungen,91320ÿEbermannstadt,https://imagecache.markt.de/9w21PiuGU-n_WSjNXV00FtQ_ARE=/188x141/images_classifieds/1b/02/1a6c-a597-47b3-8e8c-1d8d4fef8e3b/image
Neubau: M?blierte Komfort L-Apartments mit Balkon - Campus Living Darmstadt,https://www.markt.de/darmstadt/mietwohnungen/neubau+moeblierte+komfort+l+apartments+mit+balkon+campus+living+darmstadt/a/065fc522/,64295ÿDarmstadt,,https://imagecache.markt.de/ME1gYi8SxCDYZNyxI_7FCcbmoBc=/188x141/images_classifieds/95/88/3298-230e-4fb3-bcfa-10d119b33797/image
"Neubau: Vollm?blierte Komfort-Apartments im ""URBAN LIVING Essen""",https://www.markt.de/essen/mietwohnungen/neubau+vollmoeblierte+komfort+apartments+im+urban+living+essen/a/0a028687/,45127ÿEssen,,https://imagecache.markt.de/jt50dLgkjUJzLJafsQdSQAuFpjo=/188x141/images_classifieds/59/5a/a8c2-3d6f-4cc3-88d0-0eebecce971a/image
In exklusiver Villenlage von Rienberg,https://www.markt.de/bremen/mietwohnungen/in+exklusiver+villenlage+von+rienberg/a/0cfec373/,28213ÿBremen,,https://imagecache.markt.de/DMK0unLiPpKG_YZAqHA1-3nS8x4=/188x141/images_classifieds/41/70/b8aa-5f74-4559-ae80-e5dac2ab07b4/image
Neubau: M?blierte Komfort XL-Apartments mit Balkon - Campus Living Darmstadt,https://www.markt.de/darmstadt/mietwohnungen/neubau+moeblierte+komfort+xl+apartments+mit+balkon+campus+living+darmstadt/a/0e71b384/,64295ÿDarmstadt,,https://imagecache.markt.de/9ggPIKJTmhfovOUb2iUIbX4H0zk=/188x141/images_classifieds/a7/26/477d-7094-4549-a0d3-00301ffecf38/image
Frisch sanierte 1-Raum-Wohnung mit Einbauk?che zu vermieten,https://www.markt.de/weisswasser-oberlausitz/mietwohnungen/frisch+sanierte+1+raum+wohnung+mit+einbaukueche+zu+vermieten/a/11061432/,02943ÿWei?wasser (Oberlausitz),,https://imagecache.markt.de/ZzX1GF3oc0As4IBpyFisaJeQHII=/188x141/images_classifieds/35/be/8e71-6d9d-4353-9d49-5aa750774de4/image
Sofortbezug m?glich - Minik?che vorhanden,https://www.markt.de/dresden/mietwohnungen/sofortbezug+moeglich+minikueche+vorhanden/a/11b81254/,01217ÿDresden,,https://imagecache.markt.de/rXC3FRxnjbM-IkR673Z-GcSSv6Q=/188x141/images_classifieds/67/9b/b4b0-69cf-45f3-8f8c-9fd66bf70ae0/image
Sanierte Wohnung mit gr?nem Innenhof,https://www.markt.de/leipzig/mietwohnungen/sanierte+wohnung+mit+gruenem+innenhof/a/1adc8e3c/,04207ÿLeipzig,,https://imagecache.markt.de/bVfqP-8kYsTb_93QoEVWNxxSXTI=/188x141/images_classifieds/a0/52/3a98-cb44-4324-8648-64ac52ef13e6/image
moderne 2-Raum-Wohnung mit Balkon im Gr?nen - beste Wohnlage mit Garten,https://www.markt.de/rodewisch/mietwohnungen/moderne+2+raum+wohnung+mit+balkon+im+gruenen+beste+wohnlage+mit+garten/a/20e1d8ea/,08228ÿRodewisch,,https://imagecache.markt.de/gSGkpaj-jwxE0N3-EDlNF-icu5s=/188x141/images_classifieds/c9/39/6c62-03c2-436a-b039-90aef472c04a/image
Familienfreundliche 4-Zimmer-Wohnung in guter Lage,https://www.markt.de/kassel/mietwohnungen/familienfreundliche+4+zimmer+wohnung+in+guter+lage/a/246302fe/,34128ÿKassel,,https://imagecache.markt.de/ANHcbIunu1Yyo7_2dZcFj8CE_T4=/188x141/images_classifieds/2c/a3/65e4-2809-4cc4-a1d2-4f9487580305/image
"Helle Zweiraumwohnung, modern geschnitten",https://www.markt.de/leipzig/mietwohnungen/helle+zweiraumwohnung+modern+geschnitten/a/288b063e/,04207ÿLeipzig,,https://imagecache.markt.de/i9BcGUdKi-zcuMaMcM1kX2GmtrY=/188x141/images_classifieds/91/12/c13f-a279-407f-8311-e8b8fb171d2e/image
"Top sanierte 3 Zimmer Wohnung , Hermann Allmers Stra?e 23 I.OG links",https://www.markt.de/emden/mietwohnungen/top+sanierte+3+zimmer+wohnung+hermann+allmers+strasse+23+i+og+links/a/2955f5ea/,26721ÿEmden,,https://imagecache.markt.de/H4UZIcBnys82TGwToUgWItFJNiY=/188x141/images_classifieds/67/e6/fa49-0f24-4c9b-8eb5-306cfaf1d0f2/image
"Klein, aber fein!1Raumwohnung mir Altbaufleir!",https://www.markt.de/plauen/mietwohnungen/klein+aber+fein+1raumwohnung+mir+altbaufleir/a/2a4931b9/,08527ÿPlauen,,https://imagecache.markt.de/fSnCbXbMeIGnWUpYhbC_kFAjRK8=/188x141/images_classifieds/82/a2/6662-3fa4-441a-b954-163770a7dd1d/image
Viel Freude in dieser wundersch?nen Wohnung :-),https://www.markt.de/herne/mietwohnungen/viel+freude+in+dieser+wunderschoenen+wohnung/a/2c39376b/,44652ÿHerne,,https://imagecache.markt.de/vDrdtCsinrSnMpq_JEw1lAo5xE0=/188x141/images_classifieds/23/96/bb0d-a9c8-4afa-8e9b-278b65310f80/image
"Grundsanierte 2,5 Raum-Wohnung",https://www.markt.de/schipkau/mietwohnungen/grundsanierte+2+5+raum+wohnung/a/316bffe4/,01994ÿSchipkau,,https://imagecache.markt.de/vOARdGTaeWMbMRtk10QBvA1o8Q0=/188x141/images_classifieds/5a/55/f6e0-8100-44bc-91fe-583fe49afbe2/image
Nette Nachbarn gesucht: familienfreundliche 4-Zi.-Wohnung f?r Sie renoviert!,https://www.markt.de/manching/mietwohnungen/nette+nachbarn+gesucht+familienfreundliche+4+zi+wohnung+fuer+sie+renoviert/a/32ebf11f/,85077ÿManching,,https://imagecache.markt.de/id4r86lms9nhHOGXCzrQgR_UN8E=/188x141/images_classifieds/bf/de/31b2-ba77-4c50-90e5-12f184c1e50c/image
gem?tliche 2-Raum-Wohnung in Zentrumsn?he,https://www.markt.de/auerbach-vogtland/mietwohnungen/gemuetliche+2+raum+wohnung+in+zentrumsnaehe/a/33da532d/,08209ÿAuerbach (Vogtland),,https://imagecache.markt.de/S9AMoP33nFEr41pZsc0n67KmYcQ=/188x141/images_classifieds/4b/8c/3960-a8b3-4b7c-b49c-fe21d291a456/image
Sch?ne Wohnung sucht Mieter: ideale 1-Zi.-Single-Wohnung,https://www.markt.de/dresden/mietwohnungen/schoene+wohnung+sucht+mieter+ideale+1+zi+single+wohnung/a/341e8c88/,01217ÿDresden,,https://imagecache.markt.de/RlUPWpMm0oaDmBKnZEVXkIWNSgM=/188x141/images_classifieds/d2/97/a215-8dfd-4342-98c6-ad10e64e7f10/image
"Sch?ne Wohnung: 2,5-Zimmer-Wohnung in Stadtlage",https://www.markt.de/dortmund/mietwohnungen/schoene+wohnung+2+5+zimmer+wohnung+in+stadtlage/a/348f8169/,44225ÿDortmund,,https://imagecache.markt.de/Kr-iHvYYP9GZmRpk9tUSPfpxbWU=/188x141/images_classifieds/71/5e/baa5-12cf-4d07-b51f-75d266e6e629/image
Sonnige gepflegte 2-R-Wohnung mit Balkon u.EBK  in Dresden-L?btau,https://www.markt.de/dresden/mietwohnungen/sonnige+gepflegte+2+r+wohnung+mit+balkon+u+ebk+in+dresden+loebtau/a/34eb4711/,01159ÿDresden,,https://imagecache.markt.de/VpZBFoDAYvj0LyWb73r3uTGG14M=/188x141/images_classifieds/18/9c/a9f6-80f5-4285-aa84-13b2b22c4c7e/image
Neubauprojekt in Pl?n!,https://www.markt.de/ploen/mietwohnungen/neubauprojekt+in+ploen/a/3681e935/,24306ÿPl?n,,https://imagecache.markt.de/kXLxvHfGTuhqocWlD6fK3Mlu4bk=/188x141/images_classifieds/58/0d/936a-330d-4901-ba95-b396faf3d5c9/image
3 Zimmer Dachwohnung mit Loggia Neubau,https://www.markt.de/waldbrunn-bayern/mietwohnungen/3+zimmer+dachwohnung+mit+loggia+neubau/a/3730f80a/,97295ÿWaldbrunn (Bayern),,https://imagecache.markt.de/kJFE8kgXLRKh9uRtbDYcdh32Jbk=/188x141/images_classifieds/d9/81/d4de-dc77-430e-b7e2-dc4c029ff85e/image
RESERVIERT GR?NE OASE IN DER ALTSTADT O.M.,https://www.markt.de/wittenberg-lutherstadt/mietwohnungen/reserviert+gruene+oase+in+der+altstadt+o+m/a/37919106/,06889ÿWittenberg (Lutherstadt),,https://imagecache.markt.de/79AdrS_vTf8XICmkXtS8sSLWNn0=/188x141/images_classifieds/b9/20/5031-8d85-4ae6-86a0-f5d0d878f784/image
HOMBURG-OT; ERSTBEZUG 2 ZKB NEUBAUWOHNUNG MIT EBK UND BALKON,https://www.markt.de/homburg/mietwohnungen/homburg+ot+erstbezug+2+zkb+neubauwohnung+mit+ebk+und+balkon/a/3e18428e/,66424ÿHomburg,,https://imagecache.markt.de/8weHjBPM9iwOfABjSKNgF3v-cmg=/188x141/images_classifieds/b3/35/2edd-0b12-4529-81f4-2b9d4ffb201a/image
Gepflegte 2-Zimmer-Wohnung mit Terrasse,https://www.markt.de/muensterhausen/mietwohnungen/gepflegte+2+zimmer+wohnung+mit+terrasse/a/42bd44d3/,86505ÿM?nsterhausen,,https://imagecache.markt.de/bR5m0HrkiMZZva2Dctg7bDsbyqM=/188x141/images_classifieds/3f/4c/d220-e0c2-4230-953e-2e709556d73e/image
Helle 2 Raumwohnung,https://www.markt.de/chemnitz/mietwohnungen/helle+2+raumwohnung/a/4426a62e/,09130ÿChemnitz,,https://imagecache.markt.de/0UKt6WPG0UeUZc494u-k_9LgH9A=/188x141/images_classifieds/89/f4/41cb-5296-4fda-91d6-3fbb9113b906/image
IDEAL - Heller geht es nicht,https://www.markt.de/plauen/mietwohnungen/ideal+heller+geht+es+nicht/a/46e703c1/,08523ÿPlauen,,https://imagecache.markt.de/oatW94Y1-2bFZqyFhYX3kOgBOFw=/188x141/images_classifieds/67/70/603a-8ad3-40c2-9154-a712ee4e5892/image
Clever sein und zum unschlagbar g?nstigen Preis Neumieter werden!,https://www.markt.de/dresden/mietwohnungen/clever+sein+und+zum+unschlagbar+guenstigen+preis+neumieter+werden/a/4b01de9c/,01239ÿDresden,,https://imagecache.markt.de/rdiBtu1e7GeVyjyCg9TvIgUKvlw=/188x141/images_classifieds/4b/b3/40e1-868f-49b1-a830-821af2cc6ae5/image
Gro?z?gige und exklusive 3-Zimmerwohnung mit EBK,https://www.markt.de/niestetal/mietwohnungen/grosszuegige+und+exklusive+3+zimmerwohnung+mit+ebk/a/4cbf286b/,34266ÿNiestetal,,https://imagecache.markt.de/-t8CMT1iABhsaLmbKTiMeke8R2k=/188x141/images_classifieds/a3/f6/4db4-c5a8-451b-9078-8570f0780b46/image
Praktische 3-Zimmer-Wohnung (WBS) mit Balkon,https://www.markt.de/dresden/mietwohnungen/praktische+3+zimmer+wohnung+wbs+mit+balkon/a/5856bb3d/,01169ÿDresden,,https://imagecache.markt.de/psebQJMBHLsRwtAg1MgMHtk97s0=/188x141/images_classifieds/30/c5/568a-e87a-4b53-af8a-4521ea4309eb/image
35 mý Appartement f?r Singles mit EBK,https://www.markt.de/recklinghausen/mietwohnungen/35+m+appartement+fuer+singles+mit+ebk/a/59155068/,45663ÿRecklinghausen,,https://imagecache.markt.de/nFtvfG8ez8Brvs4GAvJFCHDylbE=/188x141/images_classifieds/a8/1f/bd7c-5892-4417-8c92-a57e49f0713a/image
Wohngl?ck - individuelle 3-Zi.-Wohnung mit Balkon,https://www.markt.de/petersberg-hessen/mietwohnungen/wohnglueck+individuelle+3+zi+wohnung+mit+balkon/a/59960bde/,36100ÿPetersberg (Hessen),,https://imagecache.markt.de/Y0Rl_ZEJUr1EneVeQ91W-DhcLQ8=/188x141/images_classifieds/03/4e/0869-2404-4fd6-962b-eda351b75106/image
RENOVIERT UND EINGERICHTET,https://www.markt.de/bonn/mietwohnungen/renoviert+und+eingerichtet/a/5ab65b81/,53179ÿBonn,,https://imagecache.markt.de/mW2S_g6U6jNjNe-bAZm4fD424SY=/188x141/images_classifieds/16/44/fc97-8e3c-45f1-8901-5e7659408a95/image
Toll aufgeteilte Erdgeschosswohnung in ruhiger Seitenstra?e,https://www.markt.de/gelsenkirchen/mietwohnungen/toll+aufgeteilte+erdgeschosswohnung+in+ruhiger+seitenstrasse/a/624d7a35/,45886ÿGelsenkirchen,,https://imagecache.markt.de/tiu1pUp4ZKPtQde-711Ii-lXvjM=/188x141/images_classifieds/49/36/2e91-edef-4e32-868c-37e65cfb5dc2/image
"Jetzt zugreifen: bezahlbares 1-Zimmer-Appartment, teilsaniert",https://www.markt.de/dresden/mietwohnungen/jetzt+zugreifen+bezahlbares+1+zimmer+appartment+teilsaniert/a/63c6c51c/,01217ÿDresden,,https://imagecache.markt.de/wVXV8e963Msk2I8B4xMk_NXwnuY=/188x141/images_classifieds/4d/e9/58a3-c601-4a52-bedf-b91052887866/image
"Gem?tliche 1,5-Zimmer-Wohnung in Bulmke",https://www.markt.de/gelsenkirchen/mietwohnungen/gemuetliche+1+5+zimmer+wohnung+in+bulmke/a/65351308/,45888ÿGelsenkirchen,,https://imagecache.markt.de/5IdXx--zpKWZujBYgq1K7fLMmGs=/188x141/images_classifieds/a2/60/596e-0fb3-4b6d-a5b6-915b64f436e6/image
Verkehrsg?nstig an der A 59 gelegene + renovierte 3-Zimmer Wohnung im 2.OG mit Balkon,https://www.markt.de/duisburg/mietwohnungen/verkehrsguenstig+an+der+a+59+gelegene+renovierte+3+zimmer+wohnung+im+2+og+mit+balkon/a/67e4df3c/,47179ÿDuisburg,,https://imagecache.markt.de/t6xYvyZKtvoOCCM5-Z-hFAN85mk=/188x141/images_classifieds/80/d1/3401-a423-461d-b183-e152687c3cfb/image
"Frisch sanierte 3-Raum-Wohnung, Eutiner Str. 17, 4. OG",https://www.markt.de/schwerin/mietwohnungen/frisch+sanierte+3+raum+wohnung+eutiner+str+17+4+og/a/6cca84a7/,19057ÿSchwerin,,https://imagecache.markt.de/kvIAIz1nnHkOxblWmGRVJVi3TBI=/188x141/images_classifieds/7c/5f/e49b-f4d3-459c-931b-9486359c57bd/image
Gem?tliche zwei Raum Wohnung in ruhiger Lage mit Einbauchk?che!,https://www.markt.de/magdeburg/mietwohnungen/gemuetliche+zwei+raum+wohnung+in+ruhiger+lage+mit+einbauchkueche/a/72dc71ef/,39114ÿMagdeburg,,https://imagecache.markt.de/6H0aJ_mdrtQg3pLgMNiDp_5tKfw=/188x141/images_classifieds/40/c2/8052-90b5-40dc-884f-10305acf8bda/image
"AZUBI-Wohnung, 1-Raum, wahlweise teilm?bliert",https://www.markt.de/limbach-oberfrohna/mietwohnungen/azubi+wohnung+1+raum+wahlweise+teilmoebliert/a/765f4ede/,09212ÿLimbach-Oberfrohna,,https://imagecache.markt.de/yD5xBW7q0YNySDLfWe26xGyxFyM=/188x141/images_classifieds/e2/4a/fbd9-5737-46bc-9f94-657d47b3d299/image
"3 Zi. Whg., grundsaniert, hochw. EBK, Design-Bad, gro?er Blk. mit Blick, Gartenanteil m?glich in S-Gablenberg",https://www.markt.de/stuttgart/mietwohnungen/3+zi+whg+grundsaniert+hochw+ebk+design+bad+grosser+blk+mit+blick+gartenanteil+moeglich+in+s/a/7b3bfc01/,70186ÿStuttgart,,https://imagecache.markt.de/syW_eI7150-rbF0XeMmI56cXFEI=/188x141/images_classifieds/27/a9/571a-4cfe-4a01-90e1-323d562f0466/image
2 Zimmer in Karlsruhe,https://www.markt.de/karlsruhe/mietwohnungen/2+zimmer+in+karlsruhe/a/7e84c1f7/,76185ÿKarlsruhe,,https://imagecache.markt.de/WY8f_2qmWtzwxcFwqwUbrU6ZB68=/188x141/images_classifieds/62/1b/9048-93d4-46b3-a655-a031829d3ea9/image
"ruhige Lage, 1. OG, 3 Zimmer",https://www.markt.de/crimmitschau/mietwohnungen/ruhige+lage+1+og+3+zimmer/a/7f11cecf/,08451ÿCrimmitschau,,https://imagecache.markt.de/JrBZIiLsCdCXKG-SZU-5lH0Uoyk=/188x141/images_classifieds/b4/dd/ba65-c772-49a0-9e31-90002f93ccdd/image
Ein Singlereich am Rande der City!,https://www.markt.de/leipzig/mietwohnungen/ein+singlereich+am+rande+der+city/a/7f4aa0ab/,04103ÿLeipzig,,https://imagecache.markt.de/lpWcZ1IBd7P2amF5aajgq4BZIrA=/188x141/images_classifieds/7e/d0/d585-a6e2-4e88-ab0c-5b193db58d6b/image
+++ 2-Raumwohnung mit gro?er K?che und Wannenbad in super Lage  +++,https://www.markt.de/zwickau/mietwohnungen/2+raumwohnung+mit+grosser+kueche+und+wannenbad+in+super+lage/a/80b3dbd5/,08056ÿZwickau,,https://imagecache.markt.de/9lk5CqYrn_GpQDsiMN1lNWLz6bQ=/188x141/images_classifieds/1c/88/c7ee-bde4-4c91-a8f8-e1456170c3b6/image
"AZUBI-Wohnung, 1-Raum, Wintergarten",https://www.markt.de/limbach-oberfrohna/mietwohnungen/azubi+wohnung+1+raum+wintergarten/a/8348a4c9/,09212ÿLimbach-Oberfrohna,,https://imagecache.markt.de/5xm4XHlRKJ68gzTgNkAXKjzeYp0=/188x141/images_classifieds/17/a1/30bd-78c9-459a-b394-7b1cca9f1f05/image
Sch?ne Wohnung: ansprechende 2-Zimmer-Dachgeschosswohnung,https://www.markt.de/koeln/mietwohnungen/schoene+wohnung+ansprechende+2+zimmer+dachgeschosswohnung/a/8645cffc/,50735ÿK?ln,,https://imagecache.markt.de/fYVny0-FfRXFPfwn7R8Oa_UEIf0=/188x141/images_classifieds/75/3c/d357-5bec-427c-94c4-83b757a4b133/image
Neubau: M?blierte Komfort-Apartments mit Terrasse - Campus Living Darmstadt,https://www.markt.de/darmstadt/mietwohnungen/neubau+moeblierte+komfort+apartments+mit+terrasse+campus+living+darmstadt/a/8e0e810c/,64295ÿDarmstadt,,https://imagecache.markt.de/m-yo0Toqb7yNcPybvVaWSUTdE5o=/188x141/images_classifieds/fc/c3/7ad5-22ab-4ea0-8894-8013b9eb29af/image
Da kommt man gern Heim. g?nstige 2-Zi.-Dachgeschosswohnung,https://www.markt.de/koeln/mietwohnungen/da+kommt+man+gern+heim+guenstige+2+zi+dachgeschosswohnung/a/902c9f7c/,50735ÿK?ln,,https://imagecache.markt.de/I12TgP0ujR4A58kz2aOQ6St2HQQ=/188x141/images_classifieds/b4/4d/6d27-5c55-43ab-a92d-e44f2e2dcef0/image
"Vollm?blierte Komfort-Apartments in Heidenheim ""Junges Wohnen am Felsen""",https://www.markt.de/heidenheim-brenz/mietwohnungen/vollmoeblierte+komfort+apartments+in+heidenheim+junges+wohnen+am+felsen/a/9248d5c4/,89520ÿHeidenheim (Brenz),,https://imagecache.markt.de/Dz2yOTBaKkdve-WcKjkxifMvMPc=/188x141/images_classifieds/ea/14/5077-b383-466d-9c6d-7f311df54692/image
Wundersch?nes WG-Zimmer in Grenzn?he zur Schweiz in L?rrach-Stetten,https://www.markt.de/loerrach/mietwohnungen/wunderschoenes+wg+zimmer+in+grenznaehe+zur+schweiz+in+loerrach+stetten/a/92e21166/,79540ÿL?rrach,,https://imagecache.markt.de/IdNAnQ0QhFrzJD2Dqeq3pXuKH28=/188x141/images_classifieds/af/cc/bf5a-40a3-400a-8a29-9ff386f9e4aa/image
Juhu!!! Hier bin ich! Sanierte 2 Zimmerwohnung sucht Dich!,https://www.markt.de/dresden/mietwohnungen/juhu+hier+bin+ich+sanierte+2+zimmerwohnung+sucht+dich/a/947935d5/,01307ÿDresden,,https://imagecache.markt.de/27oMTBTa41K_6ZklTrSP5NgZ_gE=/188x141/images_classifieds/86/6f/e994-2dc7-46b3-a57e-e52d66376588/image
Neukunden aufgepasst....,https://www.markt.de/bremerhaven/mietwohnungen/neukunden+aufgepasst/a/96953d8c/,27570ÿBremerhaven,,https://imagecache.markt.de/cA9v2EY2afDqMMp_7BP1371MRh0=/188x141/images_classifieds/d2/7e/7863-b299-4d03-a48d-b26ec2cd0ddc/image
"Sanierte und ruhige Singlewohnung 2 Zimmer, Hermann L?ns Stra?e 4 II.OG links",https://www.markt.de/emden/mietwohnungen/sanierte+und+ruhige+singlewohnung+2+zimmer+hermann+loens+strasse+4+ii+og+links/a/97d17532/,26721ÿEmden,,https://imagecache.markt.de/2IDgp3CxhHjTJBqZQUivwxLU1uI=/188x141/images_classifieds/91/06/0cef-f219-4ee5-91a5-610915f3cc85/image
"Sch?ne Wohnung mit Einbauk?che und 2 Balkone, Neue Stra?e 67 II.OG links",https://www.markt.de/bremerhaven/mietwohnungen/schoene+wohnung+mit+einbaukueche+und+2+balkone+neue+strasse+67+ii+og+links/a/9caf50cc/,27576ÿBremerhaven,,https://imagecache.markt.de/BM5SPnbtwqeuNW07lQGmTWWWrCo=/188x141/images_classifieds/8f/5e/9f9d-051d-43c6-b735-a92325f6f5c0/image
"Wir modernisieren f?r Sie! Renovierte 2,5 Raum Wohnung mit Balkon!",https://www.markt.de/essen/mietwohnungen/wir+modernisieren+fuer+sie+renovierte+2+5+raum+wohnung+mit+balkon/a/a059f073/,45327ÿEssen,,https://imagecache.markt.de/Aat-kXAOPb0SjyBTICMqqKMB1lQ=/188x141/images_classifieds/fa/6d/23e9-70c3-45e1-9b56-d214a604df21/image
"Frisch sanierte 4-Raum-Wohnung Eutiner Str. 14, 3. OG",https://www.markt.de/schwerin/mietwohnungen/frisch+sanierte+4+raum+wohnung+eutiner+str+14+3+og/a/aa31fc10/,19057ÿSchwerin,,https://imagecache.markt.de/W_ryhyowFlu1ihC-yryWZu3cj9E=/188x141/images_classifieds/e6/0b/f7a2-9703-4c7f-9e3f-12615b46485d/image
MODERNES WOHNEN IN BELIEBTER GEGEND,https://www.markt.de/hanau-brueder-grimm-stadt/mietwohnungen/modernes+wohnen+in+beliebter+gegend/a/adc89fdf/,63454ÿHanau (Br?der-Grimm-Stadt),,https://imagecache.markt.de/42tfrM8JHRSkhBtrOBbfpvd6PdE=/188x141/images_classifieds/0a/90/5cc3-26b0-4526-a0e3-755f6db838c2/image
"Gelegenheit: komplett renovierte 2,5 Raum Wohnung im EG",https://www.markt.de/essen/mietwohnungen/gelegenheit+komplett+renovierte+2+5+raum+wohnung+im+eg/a/b389ba69/,45309ÿEssen,,https://imagecache.markt.de/WTRf26Fn2OPGpeJRJNwTkra5xLQ=/188x141/images_classifieds/30/87/0523-c953-46ac-8718-e1eaf0ca59c2/image
"Neubau: Vollm?blierte Komfort-Apartments im ""URBAN LIVING Essen""",https://www.markt.de/essen/mietwohnungen/neubau+vollmoeblierte+komfort+apartments+im+urban+living+essen/a/b8251953/,45127ÿEssen,,https://imagecache.markt.de/gSsWnsqYxo2HYuHlXV7h6wb45_8=/188x141/images_classifieds/36/e4/5ae2-3ef3-4109-ae77-558a798262b6/image
"Vollm?blierte Komfort-Apartments im ""Junges Wohnen am Felsen""",https://www.markt.de/heidenheim-brenz/mietwohnungen/vollmoeblierte+komfort+apartments+im+junges+wohnen+am+felsen/a/b863ec1a/,89520ÿHeidenheim (Brenz),,https://imagecache.markt.de/fdRbwnP5DpOhgypNni63fItzyL0=/188x141/images_classifieds/0a/98/822d-3e35-4b51-85a4-411c11c9de24/image
?ber den D?chern Frankfurts! Helle Whg. im PH-Style im beliebten Br?ckenviertel mit herrlichem Ausblick,https://www.markt.de/frankfurt-main/mietwohnungen/ueber+den+daechern+frankfurts+helle+whg+im+ph+style+im+beliebten+brueckenviertel+mit+herrlichem/a/bdc092d0/,60594ÿFrankfurt (Main),,https://imagecache.markt.de/StpZ6VY2YZelN38i5E9HdNe0pEs=/188x141/images_classifieds/88/1e/113c-9472-41d0-b11f-35b67c112aba/image
Schicke Wohnung in ruhiger Seitenstra?e!,https://www.markt.de/chemnitz/mietwohnungen/schicke+wohnung+in+ruhiger+seitenstrasse/a/c2cac3de/,09130ÿChemnitz,,https://imagecache.markt.de/m6Yz2TrZyq2gPi6BZfVsT4DuzcM=/188x141/images_classifieds/6a/17/4cf3-88bb-46cb-a52e-92cd8ecb0412/image
KLEIN * Fein * MEIN mit Balkon +++,https://www.markt.de/chemnitz/mietwohnungen/klein+fein+mein+mit+balkon/a/c34446ac/,09120ÿChemnitz,,https://imagecache.markt.de/C4FsbROzrUjlksM6or3EbfRIBeg=/188x141/images_classifieds/5b/b5/db79-56fa-4d6b-bb84-690711cb123e/image
4 ZIMMER TERRASSENWOHNUNG + EBK,https://www.markt.de/sulzbach-taunus/mietwohnungen/4+zimmer+terrassenwohnung+ebk/a/c50b211f/,65843ÿSulzbach (Taunus),,https://imagecache.markt.de/abmznghC95ewQDCCtHTU-6zVf64=/188x141/images_classifieds/8b/14/a970-2975-4331-ac9a-66be72397b4d/image
Gem?tliche Dachgeschosswohnung - WBS erforderlich,https://www.markt.de/gelsenkirchen/mietwohnungen/gemuetliche+dachgeschosswohnung+wbs+erforderlich/a/c5d23bc3/,45881ÿGelsenkirchen,,https://imagecache.markt.de/cjVIUbwx1srKSoXbdYIJkU9RJZk=/188x141/images_classifieds/98/0a/8771-0a20-4105-8813-19248b4ca54b/image
"Top sanierte ruhige und helle 3 Zimmer Wohnung, Hermann Allmers Stra?e 23 II.OG links",https://www.markt.de/emden/mietwohnungen/top+sanierte+ruhige+und+helle+3+zimmer+wohnung+hermann+allmers+strasse+23+ii+og+links/a/cbacaa6e/,26721ÿEmden,,https://imagecache.markt.de/BbU76h6IjDaeenSJL8oBuZZ7jmQ=/188x141/images_classifieds/e0/06/2be1-83e8-4fb9-a0ec-467a9fa7674d/image
Erste eigene Wohnung !,https://www.markt.de/dresden/mietwohnungen/erste+eigene+wohnung/a/cda5db18/,01217ÿDresden,,https://imagecache.markt.de/t6HnLnlS07s5tspBNFrwnnqdqPc=/188x141/images_classifieds/48/18/21fc-0d52-40b3-b51b-5a33e7d7116d/image
Gelegenheit - Schicke 2-Zimmer-Wohnung mit Balkon,https://www.markt.de/langenhagen/mietwohnungen/gelegenheit+schicke+2+zimmer+wohnung+mit+balkon/a/ce2f6f09/,30853ÿLangenhagen,,https://imagecache.markt.de/NYdlX_sCSniXSiAJjX6brQUcDGs=/188x141/images_classifieds/8b/48/2f4a-eb61-4055-a744-bfbffd7c9646/image
?ber den D?chern Dresdens - deine erste eigene Wohnung!,https://www.markt.de/dresden/mietwohnungen/ueber+den+daechern+dresdens+deine+erste+eigene+wohnung/a/d00129f8/,01217ÿDresden,,https://imagecache.markt.de/VwKZWxYePg-byv6GAbalvRhqBwQ=/188x141/images_classifieds/d8/62/5d5f-38bb-49f3-ad20-a518fdfd0165/image
3-Raum-Wohnung in Schiepzig,https://www.markt.de/salzatal/mietwohnungen/3+raum+wohnung+in+schiepzig/a/d337f89c/,06198ÿSalzatal,,https://imagecache.markt.de/m_AscA50gOUqr-P0FFmqlJN7-bo=/188x141/images_classifieds/72/5d/0832-2d3b-4ff7-a773-f393bd59ffcb/image
2 Zimmer Wohnung mit Balkon und Duschbad,https://www.markt.de/dresden/mietwohnungen/2+zimmer+wohnung+mit+balkon+und+duschbad/a/d3e465d6/,01169ÿDresden,,https://imagecache.markt.de/AyD65bUK5E2X_VtZg09byusiM4A=/188x141/images_classifieds/bb/ce/800e-d486-4d80-b27b-b7021d0368ef/image
"2 1/2-Zimmerwohnung mit gro?em Balkon, K?che und Bad mit Fenster, PKW-Stellplatz und Einbauk?che m?glich",https://www.markt.de/oberlungwitz/mietwohnungen/2+1+2+zimmerwohnung+mit+grossem+balkon+kueche+und+bad+mit+fenster+pkw+stellplatz+und+einbaukueche/a/d53ca2c4/,09353ÿOberlungwitz,,https://imagecache.markt.de/0V9bW8OLCXy8eYtjuphe8eUIjZg=/188x141/images_classifieds/71/8d/ec0e-073b-4907-bc5a-5040bb9ada53/image
"Maisonetten 3-Raum Wohnung mit atemberaubender Dachterrasse, zentral in Waldheim",https://www.markt.de/waldheim/mietwohnungen/maisonetten+3+raum+wohnung+mit+atemberaubender+dachterrasse+zentral+in+waldheim/a/d867d038/,04736ÿWaldheim,,https://imagecache.markt.de/s-781_rmYtSplBDvHAySCXE6oYg=/188x141/images_classifieds/38/58/4431-7a19-4126-90a0-6f785ad8d076/image
"Vollm?bliertes Penthouse-Apartment ""i Live Wohnen am Felsen"" - DHBW & Innenstadt in unmittelbarer N?he",https://www.markt.de/heidenheim-brenz/mietwohnungen/vollmoebliertes+penthouse+apartment+i+live+wohnen+am+felsen+dhbw+innenstadt+in+unmittelbarer+naehe/a/d8929222/,89520ÿHeidenheim (Brenz),,https://imagecache.markt.de/OIx2fMpNdwDtVRPrSrY5wYTxYho=/188x141/images_classifieds/ec/4a/11bb-06ac-478b-bfd4-d08be5aef5f4/image
Ruhige Lage!,https://www.markt.de/frankenberg-sachsen/mietwohnungen/ruhige+lage/a/e6be4608/,09669ÿFrankenberg (Sachsen),,https://imagecache.markt.de/1b1ZKmBZhEQabYApUZ5-TZ8qb3U=/188x141/images_classifieds/48/a7/75fa-00f2-4948-9ae3-a4e6168dffd2/image
Individuelle 2-Zimmer-Wohnung mit Balkon und Aufzug,https://www.markt.de/dresden/mietwohnungen/individuelle+2+zimmer+wohnung+mit+balkon+und+aufzug/a/eeef6dd7/,01277ÿDresden,,https://imagecache.markt.de/YXXMY60KytWucaF9XSaltvdxH4g=/188x141/images_classifieds/67/b1/cb74-a723-4699-8128-5a0852df3283/image
Neubau: M?blierte Komfort-Apartments mit Loggia - Campus Living Darmstadt,https://www.markt.de/darmstadt/mietwohnungen/neubau+moeblierte+komfort+apartments+mit+loggia+campus+living+darmstadt/a/f02d78f4/,64295ÿDarmstadt,,https://imagecache.markt.de/XW1eou6MibXwRevvJqFSLy00a7E=/188x141/images_classifieds/fb/68/52bb-8e83-46ba-b149-ca885b3ae240/image
Mit sehr guter Verkehrsanbindung,https://www.markt.de/bremerhaven/mietwohnungen/mit+sehr+guter+verkehrsanbindung/a/f6880c9e/,27568ÿBremerhaven,,https://imagecache.markt.de/B1TAVvoAqMlOn7vBQ8XtilqYvv0=/188x141/images_classifieds/dc/9f/b09b-a92f-47fe-bc77-794f3e1dddd2/image
"Zwei Zimmer, Tageslichtbad, frisch renoviert! Nahe Uniklinikum!",https://www.markt.de/magdeburg/mietwohnungen/zwei+zimmer+tageslichtbad+frisch+renoviert+nahe+uniklinikum/a/f87b60da/,39112ÿMagdeburg,,https://imagecache.markt.de/4Q6DKIGImitLvHCvbaxDAiTfX6g=/188x141/images_classifieds/9d/59/c53d-95b8-4fdc-b3c9-9495cddf3130/image
"2,5 Zi. Whg., grundsaniert, hochw. EBK, Design-Bad, gro?er Blk. mit Blick, Gartenanteil m?glich in S-Gablenberg",https://www.markt.de/stuttgart/mietwohnungen/2+5+zi+whg+grundsaniert+hochw+ebk+design+bad+grosser+blk+mit+blick+gartenanteil+moeglich+in+s/a/fa4f2587/,70186ÿStuttgart,,https://imagecache.markt.de/bAu1n-h9L_tTKgCcOeU3Hrlx8vA=/188x141/images_classifieds/20/ef/1f0f-10bd-494a-a919-fce2cc8fb159/image
Hier macht wohnen Spa?: individuelle 3-Zimmer-Wohnung,https://www.markt.de/wesseling/mietwohnungen/hier+macht+wohnen+spass+individuelle+3+zimmer+wohnung/a/ff29e8f2/,50389ÿWesseling,,https://imagecache.markt.de/0ZVa5SYYhaugk3jyUHCAMudT3Rg=/188x141/images_classifieds/4c/fe/84e5-3711-4186-8640-ee33e141a3e4/image
"Frisch sanierte 2-Raum-Wohnung im 3. OG, Ratzeburger Str. 24",https://www.markt.de/schwerin/mietwohnungen/frisch+sanierte+2+raum+wohnung+im+3+og+ratzeburger+str+24/a/00de67f6/,19057ÿSchwerin,,https://imagecache.markt.de/c2h1Mf9jNJFw5lXGPHsiA_znjhI=/188x141/images_classifieds/72/54/5934-afa7-404b-a75f-98f0a9e8a004/image
Direkt am Stadtteilpark mit Aufzug,https://www.markt.de/chemnitz/mietwohnungen/direkt+am+stadtteilpark+mit+aufzug/a/01776820/,09130ÿChemnitz,,https://imagecache.markt.de/KI1HtyAUSp3ZAQXHw0N9ReDp5iI=/188x141/images_classifieds/e5/89/aa2d-1744-45aa-806f-be04e24be4f8/image
2-Zimmer-Wohnung in M?lheim-Stadtmitte,https://www.markt.de/muelheim-ruhr/mietwohnungen/2+zimmer+wohnung+in+muelheim+stadtmitte/a/02876e8c/,45468ÿM?lheim (Ruhr),,https://imagecache.markt.de/iz1TqLJd2gN5AWNpUkEWkPNOJTs=/188x141/images_classifieds/fc/c5/e586-bde4-4ee9-ab68-1031238cc67d/image
Komfort 2-Zi.-Wohnung mit Einbauk?che und 2 Dachterrassen in Bad Abbach,https://www.markt.de/bad-abbach/mietwohnungen/komfort+2+zi+wohnung+mit+einbaukueche+und+2+dachterrassen+in+bad+abbach/a/02c30946/,93077ÿBad Abbach,,https://imagecache.markt.de/7MG6CzhFh-3twT1fJK3BJJOtxRI=/188x141/images_classifieds/48/94/51e2-506f-40f6-8851-f8ceb59ec0a3/image
Wohnen in zentraler Lage,https://www.markt.de/dunningen/mietwohnungen/wohnen+in+zentraler+lage/a/045d980c/,78655ÿDunningen,,https://imagecache.markt.de/P0FKk2h9km0fesbIIbGE-1Ns3XM=/188x141/images_classifieds/fa/8e/cad1-7084-4ec7-93a1-05b93885d691/image
Sanierte 3-Raum-Wohnung im Gr?nen,https://www.markt.de/chemnitz/mietwohnungen/sanierte+3+raum+wohnung+im+gruenen/a/051184ea/,09127ÿChemnitz,,https://imagecache.markt.de/8ZILzXb-ox8al2BocVOfbfagQvo=/188x141/images_classifieds/96/65/9865-8177-454f-b03b-d3ca9265c52f/image
"2,5-Zimmer-Wohnung mit Balkon, K?che und Schwedenofen in Erlau!",https://www.markt.de/obernzell/mietwohnungen/2+5+zimmer+wohnung+mit+balkon+kueche+und+schwedenofen+in+erlau/a/0595a4a5/,94130ÿObernzell,,https://imagecache.markt.de/LgsAcU5TvDwB1h3y999ttDfLqBk=/188x141/images_classifieds/9c/2b/bbb0-41e6-419b-9786-d5399fd07a63/image
Wohnen mit Aussicht,https://www.markt.de/dresden/mietwohnungen/wohnen+mit+aussicht/a/07525d2d/,01159ÿDresden,,https://imagecache.markt.de/VXey0MFJCPSzP_790CE-Bi8i42g=/188x141/images_classifieds/c8/01/2f9c-14c6-4c40-9e99-7c123e941813/image
Ger?umige 3-Zimmerwohnung mit gro?em ?berdachtem Balkon,https://www.markt.de/strasskirchen/mietwohnungen/geraeumige+3+zimmerwohnung+mit+grossem+ueberdachtem+balkon/a/07f23cc8/,94342ÿStra?kirchen,,https://imagecache.markt.de/SfvCFcZZ2wf6C9bGDS92E5iZZA0=/188x141/images_classifieds/fd/2a/bd6a-ef0d-442d-b2ef-e7eebb8eff26/image
"CHARMANTES HAUS MIT GARTEN & TERRASSE, 4 Zi., 2 B?DER, HOBBYRAUM, KOMPLETT M?BLIERT & VOLL AUSGESTATTET IN ZENTRALER LAGE BERLIN TEGEL! FREI AB SOFORT",https://www.markt.de/berlin/mietwohnungen/charmantes+haus+mit+garten+terrasse+4+zi+2+baeder+hobbyraum+komplett+moebliert+voll+ausgestattet+in/a/08353d4f/,13507ÿBerlin,,https://imagecache.markt.de/0kdHo8AFuA0qPy30jod8uDuqJsY=/188x141/images_classifieds/13/40/574c-4276-4c8a-b441-be8d32d58217/image
Erstbezug!  2-Zi.-Wohnung m. Balkon!,https://www.markt.de/hardthausen-kocher/mietwohnungen/erstbezug+2+zi+wohnung+m+balkon/a/0b1554c3/,74239ÿHardthausen (Kocher),,https://imagecache.markt.de/npOLrthZVR0Dt4AQAMJWuRo-B2M=/188x141/images_classifieds/73/49/1398-9472-453d-b98c-d8421fd199cb/image
"Neuwertige, luxuri?se Wohnung 3ZKB",https://www.markt.de/illingen-saarland/mietwohnungen/neuwertige+luxurioese+wohnung+3zkb/a/0c279608/,66557ÿIllingen (Saarland),,https://imagecache.markt.de/2732bldtsBpVgwWvwrQC1Fmi3Mg=/188x141/images_classifieds/90/5c/652c-6f65-44ad-a111-66096b067c64/image
Wohnen mit Ausblick *und Extras*,https://www.markt.de/dresden/mietwohnungen/wohnen+mit+ausblick+und+extras/a/0cae0577/,01159ÿDresden,,https://imagecache.markt.de/v-YRw51pV8XwRYsoPp_b7F0CvMI=/188x141/images_classifieds/cc/45/3590-cf7d-479a-8fa9-60d78512b179/image
"Tolle 3-Raum-Wohnung, neu saniert, Balkon",https://www.markt.de/halle-saale/mietwohnungen/tolle+3+raum+wohnung+neu+saniert+balkon/a/0d2f9cff/,06124ÿHalle (Saale),,https://imagecache.markt.de/flUrqUVTevV3qPTw9-kgp94L_Hs=/188x141/images_classifieds/85/05/b829-29da-428f-8ba8-b9020281f107/image
"1,5 Zimmerwohnung mit Terrasse in Inzlingen",https://www.markt.de/inzlingen/mietwohnungen/1+5+zimmerwohnung+mit+terrasse+in+inzlingen/a/0eb465b2/,79594ÿInzlingen,,https://imagecache.markt.de/Hsn3pOUwEKE640Oyxgtm76TvJy4=/188x141/images_classifieds/c9/e0/cfe5-90f9-4d25-8969-2e97a4489b34/image
Wohnung ?ber 2 Ebenen mit sch?nem Ausblick,https://www.markt.de/horneburg/mietwohnungen/wohnung+ueber+2+ebenen+mit+schoenem+ausblick/a/0f8f25cd/,21640ÿHorneburg,,https://imagecache.markt.de/IE076czPV9wYFwKQLJBxPw3PM9s=/188x141/images_classifieds/d1/3f/4a89-08e5-48f1-9adf-bc2bdf3c3dc1/image
Tolle m?blierte Dachgeschoss-Wohnung mit 2 B?dern in Augsburg Lechhausen,https://www.markt.de/augsburg/mietwohnungen/tolle+moeblierte+dachgeschoss+wohnung+mit+2+baedern+in+augsburg+lechhausen/a/110085c7/,86165ÿAugsburg,,https://imagecache.markt.de/AltWPYirgQwHLx1i9Dfb-ozFkIg=/188x141/images_classifieds/7e/0f/41a5-5a12-490c-9c14-31a18a78d837/image
Altbauwohnung im Gr?nderzeitviertel,https://www.markt.de/chemnitz/mietwohnungen/altbauwohnung+im+gruenderzeitviertel/a/11c9a1c5/,09130ÿChemnitz,,https://imagecache.markt.de/azgWSAqFjSna_2TXybDINVS3V-U=/188x141/images_classifieds/ce/34/51e9-f5b4-4abe-93ee-72cd6889e186/image
In K?rze saniert! Ger?umige Wohnung mit Altbaucharme!,https://www.markt.de/bottrop/mietwohnungen/in+kuerze+saniert+geraeumige+wohnung+mit+altbaucharme/a/13f8a2c3/,46236ÿBottrop,,https://imagecache.markt.de/38MwjJ10xNR3VmV2UkwICXNkGXw=/188x141/images_classifieds/55/d0/87be-698c-4206-859b-e0b8736ca29d/image
Vollm?blierte Penthouse-Apartments - Fu?l?ufig zur PH,https://www.markt.de/schwaebisch-gmuend/mietwohnungen/vollmoeblierte+penthouse+apartments+fusslaeufig+zur+ph/a/14f061f0/,73525ÿSchw?bisch Gm?nd,,https://imagecache.markt.de/R7fJqI1WfBxgQ8wWYaHsmjQHloc=/188x141/images_classifieds/00/ea/4b96-2fc9-440e-89ac-6bdf678e8b3f/image
2- Raum Wohnung mit Balkon,https://www.markt.de/zittau/mietwohnungen/2+raum+wohnung+mit+balkon/a/1549a3ec/,02763ÿZittau,,https://imagecache.markt.de/ltKLqGsDMbKycJEl2b27jDhPFSk=/188x141/images_classifieds/d6/7d/b141-2235-48b0-b456-21c4a365845c/image
Wollten Sie schon immer im Zylinderviertel wohnen? M?blierte 4-Zimmer Wohnung in Hamburg-Lokstedt zu vermieten!,https://www.markt.de/hamburg/mietwohnungen/wollten+sie+schon+immer+im+zylinderviertel+wohnen+moeblierte+4+zimmer+wohnung+in+hamburg+lokstedt+zu/a/17c89796/,22529ÿHamburg,,https://imagecache.markt.de/HIuWJawWkOTi9ZXWrqnamosj2KM=/188x141/images_classifieds/db/c1/6a8e-68bb-4e1e-8f88-8dc124d31d85/image
"Hallo Zuhause! Exklusives 1 Zimmer-Smartapartment in Gie?en-Wieseck, Marburger Str. 261",https://www.markt.de/giessen/mietwohnungen/hallo+zuhause+exklusives+1+zimmer+smartapartment+in+giessen+wieseck+marburger+str+261/a/19a40b33/,35396ÿGie?en,,https://imagecache.markt.de/J9Q-WUE1frbqk8NRyg3RKF82jhQ=/188x141/images_classifieds/9d/5c/4e04-a241-436e-a002-93fdc6c72b9f/image
"Klein, preiswert mit Balkon",https://www.markt.de/chemnitz/mietwohnungen/klein+preiswert+mit+balkon/a/1e4dc11e/,09126ÿChemnitz,,https://imagecache.markt.de/ZOJpseCuE3aMemAvBwxstv4YL7w=/188x141/images_classifieds/18/0b/f7b0-e2a4-4efc-8e6e-99d033e2d035/image
2 Zimmer Dachgeschosswohnung in Nassau zum 01.06.22 zu vermieten,https://www.markt.de/nassau/mietwohnungen/2+zimmer+dachgeschosswohnung+in+nassau+zum+01+06+22+zu+vermieten/a/1f950a8f/,56377ÿNassau,,https://imagecache.markt.de/kb8wgSGQerJx7zvpbv0nTK71m6M=/188x141/images_classifieds/58/cc/8482-8ee5-4f4f-8c02-60c4b27b5fd6/image
4-Raum Wohnung mit riesiger Dachterrasse im Alten Hafen von Wismar ! Meerblick! - direkte Hafenlage und barrierefrei-,https://www.markt.de/wismar/mietwohnungen/4+raum+wohnung+mit+riesiger+dachterrasse+im+alten+hafen+von+wismar+meerblick+direkte+hafenlage+und/a/23c3c700/,23966ÿWismar,,https://imagecache.markt.de/dCiO9n8SYBCPwbeSQRt6OBNik6c=/188x141/images_classifieds/81/c0/b366-066e-489f-a502-ab04905fd8f0/image
Hier f?hl ich mich wohl,https://www.markt.de/gera/mietwohnungen/hier+fuehl+ich+mich+wohl/a/23fab4ce/,07551ÿGera,,https://imagecache.markt.de/18P-7C1SdYextBctFQvE3DVLcw4=/188x141/images_classifieds/69/05/7468-7e85-4ee8-a0ef-66790cb857f9/image
++ h?bsche 2 Zimmer zum sofort Einziehen ++,https://www.markt.de/zwickau/mietwohnungen/huebsche+2+zimmer+zum+sofort+einziehen/a/2e7e058d/,08060ÿZwickau,,https://imagecache.markt.de/TwkzwBXXbE2yGXVOfCfhzQi_Sbo=/188x141/images_classifieds/62/4b/a650-211e-4394-8e56-b74c8899044b/image
City-Wohnung mit kleiner Terrasse 3 Zimmer kernsaniert*** Erstbezug nach Sanierung,https://www.markt.de/muelheim-ruhr/mietwohnungen/city+wohnung+mit+kleiner+terrasse+3+zimmer+kernsaniert+erstbezug+nach+sanierung/a/30254db2/,45468ÿM?lheim (Ruhr),,https://imagecache.markt.de/2ehyoXX-LNlwnZHqL2fQXJ_uBHE=/188x141/images_classifieds/2d/5e/9873-d381-4efd-bd3f-7ac3beecd1de/image
Zweizimmerwohnung auf dem Kaukenberg,https://www.markt.de/paderborn/mietwohnungen/zweizimmerwohnung+auf+dem+kaukenberg/a/30864347/,33100ÿPaderborn,,https://imagecache.markt.de/zxkv_HrwCvEHuCq2E4nS2RJyFmA=/188x141/images_classifieds/b2/80/c438-6a03-4814-8a6c-e410f1f7091f/image
!! Erstbezug nach Renovierung !! - gro?e 2 ZBK -,https://www.markt.de/leipzig/mietwohnungen/erstbezug+nach+renovierung+grosse+2+zbk/a/31641c61/,04179ÿLeipzig,,https://imagecache.markt.de/G1nPugXjm-IxjBRZIzjz7RM55ho=/188x141/images_classifieds/d6/f8/7de8-ad5f-4d95-8b9c-0319bf1b2715/image
KL-B?nnjerr?ck - Au?ergew?hnliche Erdgeschosswohnung mit Balkon und Einbauk?che,https://www.markt.de/kaiserslautern/mietwohnungen/kl+baennjerrueck+aussergewoehnliche+erdgeschosswohnung+mit+balkon+und+einbaukueche/a/336ad7a2/,67663ÿKaiserslautern,,https://imagecache.markt.de/mrFK4aBntaOLlX-_p5A8nVTwoKw=/188x141/images_classifieds/a4/7a/2440-8de5-4dcf-932a-d0761eba1005/image
Maisonette Wohnung mit Charme im Herzen von Schrobenhausen,https://www.markt.de/schrobenhausen/mietwohnungen/maisonette+wohnung+mit+charme+im+herzen+von+schrobenhausen/a/355639f5/,86529ÿSchrobenhausen,,https://imagecache.markt.de/8DwArsgg6-11CXpIEtF54gH2KOk=/188x141/images_classifieds/14/0e/407e-dc00-4691-aa99-1ff009a4d368/image
M?lheim Speldorf Etagenwohnung mit Sonnenterasse in bevorzugter Wohnlage Uhlenhorst***,https://www.markt.de/muelheim-ruhr/mietwohnungen/muelheim+speldorf+etagenwohnung+mit+sonnenterasse+in+bevorzugter+wohnlage+uhlenhorst/a/36772638/,45478ÿM?lheim (Ruhr),,https://imagecache.markt.de/0ZdstSCRL9chREFOShjadNQJlT8=/188x141/images_classifieds/6d/10/04a3-57fc-41e8-9d64-9243bdfcd28c/image
Zentrale u. ruhige Lage - Bezug ab 01.05.  Neubaucharakter N?he Klinikum F?rth 2 Zi. Maisonette Whg.,https://www.markt.de/fuerth/mietwohnungen/zentrale+u+ruhige+lage+bezug+ab+01+05+neubaucharakter+naehe+klinikum+fuerth+2+zi+maisonette+whg/a/37710a83/,90766ÿF?rth,,https://imagecache.markt.de/owc8A95Qx1MHMr9V7BTwv9Eag3Y=/188x141/images_classifieds/9f/ed/fdea-f11f-44db-83e6-9a67f1e8fd16/image
Exklusives Wohnen *mit Extras*,https://www.markt.de/dresden/mietwohnungen/exklusives+wohnen+mit+extras/a/37fa411d/,01159ÿDresden,,https://imagecache.markt.de/QhfJsHrjxLyqBqmiEjxm_dYmtBA=/188x141/images_classifieds/5d/91/ee01-6884-45a4-95e1-8cb84d5874b6/image
Hier wird renoviert!,https://www.markt.de/gera/mietwohnungen/hier+wird+renoviert/a/39866e10/,07551ÿGera,,https://imagecache.markt.de/tp4rNDi5RgKaoj49NS49CvsC3uE=/188x141/images_classifieds/a5/83/70f9-4139-4489-a0cc-87909c640be4/image
"CONNEWITZ - Tolle 3-Zi. Whg, Bad mit Fenster und tollem Mietergarten",https://www.markt.de/leipzig/mietwohnungen/connewitz+tolle+3+zi+whg+bad+mit+fenster+und+tollem+mietergarten/a/3a260408/,04277ÿLeipzig,,https://imagecache.markt.de/04xB04grAiNmxQIT7Tc1_ITOFaU=/188x141/images_classifieds/b5/38/df2f-cd7e-498f-bd5a-58cb9b9495b5/image
?ber der Stadt: M?blierte Penthouse XL-Apartments mit Dachterrasse - Urban Living Heilbronn,https://www.markt.de/heilbronn/mietwohnungen/ueber+der+stadt+moeblierte+penthouse+xl+apartments+mit+dachterrasse+urban+living+heilbronn/a/3d7defbd/,74074ÿHeilbronn,,https://imagecache.markt.de/dpH914nB7VcRJVAIwBMm-MoRZfE=/188x141/images_classifieds/dd/68/a012-e92b-4cf4-aa53-1d8f1332cc6c/image
+ + + Top aufgeteilte 4 Zimmer Wohnung mit Balkon + + +,https://www.markt.de/wildenfels/mietwohnungen/top+aufgeteilte+4+zimmer+wohnung+mit+balkon/a/4246e6ed/,08134ÿWildenfels,,https://imagecache.markt.de/h7odydZUCmBZmnkYIbEFlCMCHQQ=/188x141/images_classifieds/17/1d/d995-7c84-4f7e-b900-be3656b43f4f/image
"Ostvorstadt - sch?ne 1,5 Zimmer mit Einbauk?che (10 ?) zum Wohlf?hlen",https://www.markt.de/plauen/mietwohnungen/ostvorstadt+schoene+1+5+zimmer+mit+einbaukueche+10+zum+wohlfuehlen/a/450e6815/,08527ÿPlauen,,https://imagecache.markt.de/vZ7TzZnMge6AgMNEmoyN95k2p3U=/188x141/images_classifieds/93/74/73b9-3920-452d-8c76-f15584975013/image
+ UNI-Klinik N?he - ruhige 2-Zimmer-Wohnung mit Balkon in Striesen +,https://www.markt.de/dresden/mietwohnungen/uni+klinik+naehe+ruhige+2+zimmer+wohnung+mit+balkon+in+striesen/a/4562d1a5/,01307ÿDresden,,https://imagecache.markt.de/3QWqHmL31Gh_xmfLeIFO4_49YcI=/188x141/images_classifieds/00/b9/5682-c2d1-40d9-b2c9-da55cae97d73/image
*Erstbezug* helle 2 Zimmerwohnung mit Ausblick ins Gr?ne!,https://www.markt.de/moosburg-isar/mietwohnungen/erstbezug+helle+2+zimmerwohnung+mit+ausblick+ins+gruene/a/4a444c33/,85368ÿMoosburg (Isar),,https://imagecache.markt.de/APUQ8tpkKJVUEygRg2-bCeNTcRs=/188x141/images_classifieds/88/9a/b29e-6cc4-4544-8798-38af455da18d/image
"ruhige Lage, 2. OG, 1 Zimmer",https://www.markt.de/crimmitschau/mietwohnungen/ruhige+lage+2+og+1+zimmer/a/4e0d3c2e/,08451ÿCrimmitschau,,https://imagecache.markt.de/o86isrPrSDKZ9ceNpYNj0fkPITU=/188x141/images_classifieds/f8/3d/98f3-c998-40b5-9e52-af389de8ae4b/image
Exklusives Wohnen,https://www.markt.de/dresden/mietwohnungen/exklusives+wohnen/a/56acefa6/,01159ÿDresden,,https://imagecache.markt.de/op1bsoTmUR6saHzYEFVewc4tUSg=/188x141/images_classifieds/77/11/3b2d-7867-45c8-9335-075e71fa0d5b/image
Wohnung in Quickborn,https://www.markt.de/quickborn-landkreis-pinneberg/mietwohnungen/wohnung+in+quickborn/a/56fa6403/,25451ÿQuickborn (Landkreis Pinneberg),,https://imagecache.markt.de/O_iVEuaukiJlov2PVRIX-CnUpbc=/188x141/images_classifieds/8c/1b/ddc1-22d5-43c4-8bc2-edd7ea389ed0/image
"Ganz oben - 1 ZW mit separater K?che und S?d-Balkon (zum Innenhof ausgerichtet), 5. OG mit Aufzug, Stellplatz im Innenhof optional",https://www.markt.de/fuerth/mietwohnungen/ganz+oben+1+zw+mit+separater+kueche+und+sued+balkon+zum+innenhof+ausgerichtet+5+og+mit+aufzug/a/5a1455c9/,90763ÿF?rth,,https://imagecache.markt.de/yHssEO6BWUCbhM6S0Ze4mTiSvXw=/188x141/images_classifieds/63/8b/6038-18f2-4eb9-b30c-8e95106194d2/image
M?blierte 1-Zimmer-Wohnung in Ingolstadt-S?d,https://www.markt.de/ingolstadt/mietwohnungen/moeblierte+1+zimmer+wohnung+in+ingolstadt+sued/a/5b7bd199/,85051ÿIngolstadt,,https://imagecache.markt.de/f2WqhPKxp-ZeDZDb0VeNT4n6OcY=/188x141/images_classifieds/87/74/8c59-8da0-4c55-a39f-cad21e0c2888/image
"Schickes & exklusives 1 Zimmer-Smartapartment in Gie?en-Wieseck, Marburger Str. 261",https://www.markt.de/giessen/mietwohnungen/schickes+exklusives+1+zimmer+smartapartment+in+giessen+wieseck+marburger+str+261/a/5e8ce377/,35396ÿGie?en,,https://imagecache.markt.de/AO1g8XxNf-N5XD2fkAIgWQcTBmw=/188x141/images_classifieds/00/25/d80b-e54c-4bcc-bf11-519d7681bc0d/image
Zentrumnahes Wohnen *mit Extras*,https://www.markt.de/dresden/mietwohnungen/zentrumnahes+wohnen+mit+extras/a/5ef5722b/,01159ÿDresden,,https://imagecache.markt.de/CcpU06aTwtha4Ldr8YtjnKgAOoQ=/188x141/images_classifieds/8d/fb/6675-7f3a-47fb-9ef5-f00533d908df/image
Schicke 2-Zimmer-Wohnung in der historischen Altstadt von Regensburg - schnell zugreifen!,https://www.markt.de/regensburg/mietwohnungen/schicke+2+zimmer+wohnung+in+der+historischen+altstadt+von+regensburg+schnell+zugreifen/a/6d8cb8cc/,93047ÿRegensburg,,https://imagecache.markt.de/7jgKzoqOaEH_SapTmqIU905MCWQ=/188x141/images_classifieds/b0/a7/7ee8-c852-453b-889d-cb378deec117/image
Wohnung mit Charme im Herzen von Schrobenhausen,https://www.markt.de/schrobenhausen/mietwohnungen/wohnung+mit+charme+im+herzen+von+schrobenhausen/a/71fd8c71/,86529ÿSchrobenhausen,,https://imagecache.markt.de/g2FJovEm4xmwkM2k8CQHQ8D_gtE=/188x141/images_classifieds/69/a6/59a7-d456-4840-9e5f-3939ba7119be/image
"Gem?tliche 2,5 ZKB im Herzen von Bad Bergzabern",https://www.markt.de/bad-bergzabern/mietwohnungen/gemuetliche+2+5+zkb+im+herzen+von+bad+bergzabern/a/72cd6738/,76887ÿBad Bergzabern,,https://imagecache.markt.de/zl7gnZZa59bDxRnjhQvGN5oBwtc=/188x141/images_classifieds/a1/cb/7391-0963-47de-9f0d-78b4912a112a/image
Innenstadtwohnung mit ?berdachtem Lichthof,https://www.markt.de/bad-neustadt-saale/mietwohnungen/innenstadtwohnung+mit+ueberdachtem+lichthof/a/732ba0d8/,97616ÿBad Neustadt (Saale),,https://imagecache.markt.de/4Lcn7lHEs-uXMlUZdAf8-9LwNV8=/188x141/images_classifieds/ea/59/4389-e972-4fa3-8cc9-94efae190e47/image
einfache Wohnung in ruhiger Lage,https://www.markt.de/greiz/mietwohnungen/einfache+wohnung+in+ruhiger+lage/a/74aa8a61/,07973ÿGreiz,,https://imagecache.markt.de/Nk8eLB-XhycPsbXAfgXEJMsJkAY=/188x141/images_classifieds/51/c2/ac2e-cda5-464b-b5f5-7386328078aa/image
Einziehen und Wohlf?hlen !,https://www.markt.de/gelsenkirchen/mietwohnungen/einziehen+und+wohlfuehlen/a/7592f545/,45888ÿGelsenkirchen,,https://imagecache.markt.de/IK4zofU8PuxDlvoj0szi9IPpfcY=/188x141/images_classifieds/db/f7/c6d4-8acb-40b6-bae7-1ff725a1e876/image
Neu renovierte 2 Zimmerwohnung mit Aufzug in Stadtmitte,https://www.markt.de/gera/mietwohnungen/neu+renovierte+2+zimmerwohnung+mit+aufzug+in+stadtmitte/a/7897fbab/,07545ÿGera,,https://imagecache.markt.de/KpXzBEnhUaSicdyxAKh1QM_KA9Y=/188x141/images_classifieds/35/4f/dd1e-b812-4f8b-8305-88b9f03856b1/image
"Hochwertig, vollausgestattet zu vermieten - sofort einziehen",https://www.markt.de/salzatal/mietwohnungen/hochwertig+vollausgestattet+zu+vermieten+sofort+einziehen/a/84f258eb/,06198ÿSalzatal,,https://imagecache.markt.de/oOaz30LCcmeJ1ORsvYS1IPdO0vA=/188x141/images_classifieds/fe/13/82a9-1473-41bb-943f-4f5c6279049a/image
Direkt am Campus 2-Raum WG-geeignet,https://www.markt.de/chemnitz/mietwohnungen/direkt+am+campus+2+raum+wg+geeignet/a/8579e141/,09126ÿChemnitz,,https://imagecache.markt.de/PlD6BOI_GuN0Mwp-WPVESJ-g088=/188x141/images_classifieds/1d/85/b2bf-01b0-4189-8ab4-ab8c8ef87508/image
Mittendrin statt nur dabei! Stadtwohnung mit gro?em Balkon und TG-Stellplatz!,https://www.markt.de/frankenberg-sachsen/mietwohnungen/mittendrin+statt+nur+dabei+stadtwohnung+mit+grossem+balkon+und+tg+stellplatz/a/8752581a/,09669ÿFrankenberg (Sachsen),,https://imagecache.markt.de/XHjKqF6oDLiL7fJGW4lRYnva684=/188x141/images_classifieds/fa/97/8a6a-9795-42f3-9317-8c34e1200261/image
"Traumhafte, zentrale Dachterrassenwohnung mit 30mý S?d-Ost Dachterrasse",https://www.markt.de/muenchen/mietwohnungen/traumhafte+zentrale+dachterrassenwohnung+mit+30m+sued+ost+dachterrasse/a/88317b86/,81541ÿM?nchen,,https://imagecache.markt.de/9bxtuo9siiB5Y-xr3NmIorWAoK8=/188x141/images_classifieds/c0/61/6129-3f18-48d7-8a4f-daa7f1f9b7cf/image
"3,5 Zimmer mit 80mý in sehr gepflegtem Haus in Witten-Mitte",https://www.markt.de/witten/mietwohnungen/3+5+zimmer+mit+80m+in+sehr+gepflegtem+haus+in+witten+mitte/a/8999867d/,58455ÿWitten,,https://imagecache.markt.de/zITbwj4Lh7BXSIcefg0Qxojyeyk=/188x141/images_classifieds/e4/63/e360-9872-45a6-9805-a169a2f50303/image
"***TOP sanierte 7-Raumwohnung, im SCHLOSS-Cotta, ERSTBEZUG***",https://www.markt.de/dohma/mietwohnungen/top+sanierte+7+raumwohnung+im+schloss+cotta+erstbezug/a/9055a23e/,01796ÿDohma,,https://imagecache.markt.de/Sp4FT4tRiIWwYafC2Oe0vvPV7iY=/188x141/images_classifieds/75/e2/4f7d-8d24-4c25-b0b9-eb0580d6d9e8/image
Den Wald im Blick!,https://www.markt.de/schwerin/mietwohnungen/den+wald+im+blick/a/9487abcd/,19063ÿSchwerin,,https://imagecache.markt.de/kSOJpgQ0-V0mwgUdhLki66OL6yg=/188x141/images_classifieds/41/12/32cb-2a8a-4326-ad16-7d78c801d098/image
Barrierefreie 3-Zimmer-Erdgeschosswohnung mit zwei Terrassen in St. J?rgen,https://www.markt.de/luebeck/mietwohnungen/barrierefreie+3+zimmer+erdgeschosswohnung+mit+zwei+terrassen+in+st+juergen/a/99cfdb30/,23564ÿL?beck,,https://imagecache.markt.de/HFO7NNRAnA9CEn9LCTXUvOqWxPs=/188x141/images_classifieds/96/ab/6533-b74c-4335-9f03-1992ca67f683/image
Erstbezug: 2-Zimmer-Wohnung mit Balkon und Einbauk?che!,https://www.markt.de/taufkirchen-landkreis-muenchen/mietwohnungen/erstbezug+2+zimmer+wohnung+mit+balkon+und+einbaukueche/a/9a702138/,82024ÿTaufkirchen (Landkreis M?nchen),,https://imagecache.markt.de/WcxEQttOXIJ8ADuxOllUV1--ssI=/188x141/images_classifieds/ee/c6/96ff-a7be-43f6-af4c-0f6c1e659f75/image
Sch?ner Wohnen *mit Extras*,https://www.markt.de/dresden/mietwohnungen/schoener+wohnen+mit+extras/a/9ac773cb/,01159ÿDresden,,https://imagecache.markt.de/a8ScCfoR3pru6qCAO4-SwhMsqT8=/188x141/images_classifieds/9b/a9/071a-9964-441f-94f1-d33187ab966e/image
Helle 3-Raum Wohnung im Zentrum von Crivitz mit EBK und Stellplatz,https://www.markt.de/crivitz/mietwohnungen/helle+3+raum+wohnung+im+zentrum+von+crivitz+mit+ebk+und+stellplatz/a/9b988eea/,19089ÿCrivitz,,https://imagecache.markt.de/c4WxFSnxh1cF-P8hWHOKu427rA0=/188x141/images_classifieds/ba/92/afcb-b50e-4ab9-aee7-5decf6e85920/image
Ihre neue Wohnung wartet schon auf Sie!,https://www.markt.de/magdeburg/mietwohnungen/ihre+neue+wohnung+wartet+schon+auf+sie/a/9f2a0be5/,39104ÿMagdeburg,,https://imagecache.markt.de/o2WhhsXMFtJcY706tOLEAfHvhfA=/188x141/images_classifieds/62/02/8a13-9adf-4831-8d69-13c8f8a07081/image
Vollm?blierte Komfort-Apartments mit Balkon - Fu?l?ufig zur PH,https://www.markt.de/schwaebisch-gmuend/mietwohnungen/vollmoeblierte+komfort+apartments+mit+balkon+fusslaeufig+zur+ph/a/a43be8a2/,73525ÿSchw?bisch Gm?nd,,https://imagecache.markt.de/Uhskhu1gObUqEgSOQvzP8-RO20s=/188x141/images_classifieds/47/97/323f-6d51-4785-8192-2a4d9c949c9b/image
Erstbezug!  2-Zi.-Wohnung m. Balkon!,https://www.markt.de/hardthausen-kocher/mietwohnungen/erstbezug+2+zi+wohnung+m+balkon/a/a44a73ea/,74239ÿHardthausen (Kocher),,https://imagecache.markt.de/ZKTHd-bED2PErhTxUQvjhQGfesw=/188x141/images_classifieds/d1/3c/e849-c898-44e9-a01a-78ec312e6c7a/image
Renovierte Altbauwohnung in zentraler Lage von Emden,https://www.markt.de/emden/mietwohnungen/renovierte+altbauwohnung+in+zentraler+lage+von+emden/a/a524e15d/,26721ÿEmden,,https://imagecache.markt.de/ZuBSIxlT4srrwSp1UNDD92GU4Ms=/188x141/images_classifieds/e5/ca/2808-c3ae-4d82-8d9e-8df564b047f6/image
Sonnige 4 Wohnung im 1.OG in Maihardt-H?tten,https://www.markt.de/mainhardt/mietwohnungen/sonnige+4+wohnung+im+1+og+in+maihardt+huetten/a/a5d6e606/,74535ÿMainhardt,,https://imagecache.markt.de/GEHmqB1JD3pJHt2cnZKv3eJ2bwE=/188x141/images_classifieds/5d/2a/69b2-9562-4194-8090-f22f8f582f67/image
1-Raum Wohnung Hochparterre mit gro?en Balkon,https://www.markt.de/dresden/mietwohnungen/1+raum+wohnung+hochparterre+mit+grossen+balkon/a/a6da9314/,01277ÿDresden,,https://imagecache.markt.de/ksuwEtPM3YayuZU6BTKkfWIA2hU=/188x141/images_classifieds/7e/14/2761-9ad3-4458-a3a8-fc0876308947/image
Tolle 2-Zimmer Erkerwohnung im Herzen von Nerchau,https://www.markt.de/grimma/mietwohnungen/tolle+2+zimmer+erkerwohnung+im+herzen+von+nerchau/a/a8772d52/,04668ÿGrimma,,https://imagecache.markt.de/IfKNXzBWMNYZPyN0egubpRivPoo=/188x141/images_classifieds/2a/66/fd14-11cd-4dc5-bba0-e19adbc22dbe/image
TOLLE WOHNUNG - WIE NEU!! - MIT EBK UND STELLPLATZ,https://www.markt.de/loerrach/mietwohnungen/tolle+wohnung+wie+neu+mit+ebk+und+stellplatz/a/a9a1c235/,79539ÿL?rrach,,https://imagecache.markt.de/r4qRl864UY09oTTmpKpdZpTiBAE=/188x141/images_classifieds/a4/16/90cf-edf9-493a-8b2c-dc2378d543c5/image
+++ Altneubau in ruhiger Lage +++,https://www.markt.de/zwickau/mietwohnungen/altneubau+in+ruhiger+lage/a/aa622b83/,08064ÿZwickau,,https://imagecache.markt.de/8msoYXftTDT41rmS1wsORMPUo4U=/188x141/images_classifieds/b6/a0/b010-2f1b-47f7-8def-145e1b1307b8/image
2 Zimmer Wohnung in Paderborn-Elsen,https://www.markt.de/paderborn/mietwohnungen/2+zimmer+wohnung+in+paderborn+elsen/a/aa8df620/,33106ÿPaderborn,,https://imagecache.markt.de/Kw5lsaxA_Yvau7q2AXusiP18JXs=/188x141/images_classifieds/f1/a1/528b-efe9-4583-a3e3-ade535bfa1e7/image
"Sch?ne, helle 2,5 Zimmerwohnung",https://www.markt.de/oberhausen/mietwohnungen/schoene+helle+2+5+zimmerwohnung/a/ad71fb04/,46149ÿOberhausen,,https://imagecache.markt.de/5a6koiDGogO6BM0_7zbNwGBKJtw=/188x141/images_classifieds/71/f7/aab0-4cef-4b10-ba55-4d360a9c1d02/image
"M?blierte Komfort-Apartments im ""Urban.In Ingolstadt&quot - F?r Studenten, Praktikanten & Azubis",https://www.markt.de/ingolstadt/mietwohnungen/moeblierte+komfort+apartments+im+urban+in+ingolstadt+quot+fuer+studenten+praktikanten+azubis/a/ad87e4bc/,85055ÿIngolstadt,,https://imagecache.markt.de/2Ue4BHLzSUzOEF3VhrRZZDMpIEg=/188x141/images_classifieds/a8/2b/05b5-1492-4776-ac2e-325b8506d8dc/image
"Offenes, hochwertiges Wohnen in direkter Seen?he",https://www.markt.de/bodman-ludwigshafen/mietwohnungen/offenes+hochwertiges+wohnen+in+direkter+seenaehe/a/ae992ec3/,78351ÿBodman-Ludwigshafen,,https://imagecache.markt.de/JiMkIzcBFO2wxB1ttDzAA1q3WTc=/188x141/images_classifieds/da/58/fc4d-225f-4622-99e8-cc2e35e21369/image
"2-Zimmer-Mietwohnung in absolut bevorzugter Wohnlage im ""Kasernenviertel""",https://www.markt.de/regensburg/mietwohnungen/2+zimmer+mietwohnung+in+absolut+bevorzugter+wohnlage+im+kasernenviertel/a/aff0ad90/,93053ÿRegensburg,,https://imagecache.markt.de/HFrQJ3dJpzUT2plFYkTvKLcdFlY=/188x141/images_classifieds/ed/cf/b4dc-0f94-457e-9ec5-dcc3a2f325c6/image
Komfortable 2-Raum-Wohnung mit Einbauk?cke zu vermieten,https://www.markt.de/plauen/mietwohnungen/komfortable+2+raum+wohnung+mit+einbaukuecke+zu+vermieten/a/affd859c/,08529ÿPlauen,,https://imagecache.markt.de/MG-E2hoR9-wGMtnL_4NMP-_ZrHM=/188x141/images_classifieds/1b/cf/58c6-6ff7-4648-8d1a-7947b1738a67/image
Wohnung mit Aussicht,https://www.markt.de/bad-ems/mietwohnungen/wohnung+mit+aussicht/a/b586fe57/,56130ÿBad Ems,,https://imagecache.markt.de/olsoTeWOncLtfzbGeGcXvrw06Cs=/188x141/images_classifieds/6f/e9/5e7f-e2ee-4e57-9925-722aec0aa81e/image
Gro?e Tageslichtk?che - modernes Laminat - EBK - Badewanne - im DG,https://www.markt.de/chemnitz/mietwohnungen/grosse+tageslichtkueche+modernes+laminat+ebk+badewanne+im+dg/a/b5a899ee/,09112ÿChemnitz,,https://imagecache.markt.de/hPW4ykbTIj36BcQuvzsZFiOPdt0=/188x141/images_classifieds/ac/28/eb42-d6dd-46ec-af5f-ea93ca046d02/image
3 room apartment available from May 2022 //,https://www.markt.de/wurzen/mietwohnungen/3+zimmer+wohnung+ab+mai+2022+verfuegbar/a/b6066d99/,D-04808 Wurzen,,https://imagecache.markt.de/qcSnYG8yyCGVW2OG4SkdkdD0C3A=/188x141/images_classifieds/a4/98/1eda-ab95-4fa2-ac97-0e1553c1ca9c/image
In the heart of the city with all possibilities and great views,https://www.markt.de/muelheim-ruhr/mietwohnungen/im+herzen+der+stadt+mit+allen+moeglichkeiten+und+toller+fernsicht/a/ba042d1d/,D-45468 M?lheim (Ruhr),,https://imagecache.markt.de/vVEZ8WcMxDsmysJhpYBEnFVcpRU=/188x141/images_classifieds/71/ea/1ad7-9fe7-43e4-92d0-a1e51a4a07f3/image
High quality Modernized 3 room apartment in Magdeburg - Sudenburg,https://www.markt.de/magdeburg/mietwohnungen/hochwertig+modernisierte+3+raum+wohnung+in+magdeburg+sudenburg/a/bdbaad77/,D-39112 Magdeburg,,https://imagecache.markt.de/0K5bPzqXSRRGkxMpJcBW2sDUuIk=/188x141/images_classifieds/91/6d/b68a-7219-41a8-bc7e-b62c39f1d2e6/image
Great freshly modernized 2 bedroom apartment for rent!,https://www.markt.de/essen/mietwohnungen/tolle+frisch+modernisierte+2+raum+wohnung+zu+vermieten/a/be891e43/,D-45143 Essen,,https://imagecache.markt.de/fFhiRSZL9fkCmq8VdNzjLJDHleo=/188x141/images_classifieds/a0/18/2c5f-768b-4eb2-b94d-12d67cdea149/image
Apartment with terrace and fitted kitchen,https://www.markt.de/greiz/mietwohnungen/wohnung+mit+terrasse+und+einbaukueche/a/c4abc29f/,D-07973 Greiz,,https://imagecache.markt.de/pOOGvoNd-Sc3V3D83-BuEAPRNts=/188x141/images_classifieds/02/04/9454-1006-4a99-b20c-7d28abcf3f57/image
3-room ground floor apartment (living area 71mý) with south-facing terrace + garden (approx. 170mý) and fireplace in Pentling,https://www.markt.de/pentling/mietwohnungen/3+zi+eg+wohnung+wfl+71m+mit+suedterrasse+garten+ca+170m+und+kaminofen+in+pentling/a/c96717ec/,D-93080 Pentling,,https://imagecache.markt.de/x0ub-eHU6S0oY65_l9A_YCzFdr8=/188x141/images_classifieds/37/a0/ebce-fe3d-4d54-abff-4b9423d2c033/image
3-R apartment with balcony in Wittenberg,https://www.markt.de/wittenberg-lutherstadt/mietwohnungen/3+r+wohnung+mit+balkon+in+wittenberg/a/c96c55f5/,06886ÿWittenberg (Lutherstadt),,https://imagecache.markt.de/5Tzuyqy9RVfRR7BLMVkgiiWAPpE=/188x141/images_classifieds/11/c4/d04e-5626-4bc1-a79f-3f8397cb33ea/image
4-room penthouse apartment with stunning views***,https://www.markt.de/weikersheim/mietwohnungen/4+zimmer+penthousewohnung+mit+herrlichem+ausblick/a/c9b19906/,97990ÿWeikersheim,,https://imagecache.markt.de/JM6PqbJOIWj0waf2Vut3VxireHM=/188x141/images_classifieds/1f/48/4409-292a-46d3-adac-9e62596c3292/image
Zentrumsnahes Wohngef?hl - m?blierte 1-Zimmerwohnung im Erdgeschoss,https://www.markt.de/nuernberg/mietwohnungen/zentrumsnahes+wohngefuehl+moeblierte+1+zimmerwohnung+im+erdgeschoss/a/cc23595b/,90429ÿN?rnberg,,https://imagecache.markt.de/R4IYKnNPP0HT8T1Ihx7SYdh43BY=/188x141/images_classifieds/68/fe/1e56-4313-4800-b13a-2586c36c55be/image
"Penthouse-Wohnung  /  Anspruchsvolles, betreutes Wohnen im Alter in N?rnberg-M?geldorf",https://www.markt.de/nuernberg/mietwohnungen/penthouse+wohnung+anspruchsvolles+betreutes+wohnen+im+alter+in+nuernberg+moegeldorf/a/cd5557be/,90482ÿN?rnberg,,https://imagecache.markt.de/rchbk6Q0MCbeRB9q0XafyQFQu0I=/188x141/images_classifieds/15/db/c69c-4b35-4e39-b00c-422633bab508/image
Elbnahe sonnige 2-RW m. gro?em Balkon und Einbauk?che im Regierungsviertel der DD-Neustadt,https://www.markt.de/dresden/mietwohnungen/elbnahe+sonnige+2+rw+m+grossem+balkon+und+einbaukueche+im+regierungsviertel+der+dd+neustadt/a/ce63f3ba/,01099ÿDresden,,https://imagecache.markt.de/TfmKDMIwr4Xjj5C_slGcx9MCUnk=/188x141/images_classifieds/c9/06/87b6-040f-4e4b-9ab4-36ef21bd554e/image
CITY IMMO - Sch?nes Appartement mit Terrasse in Maxfeld,https://www.markt.de/nuernberg/mietwohnungen/city+immo+schoenes+appartement+mit+terrasse+in+maxfeld/a/d2ab3ba2/,90409ÿN?rnberg,,https://imagecache.markt.de/OW-gRa9LupZqZqwqc6JZ0KmF0EQ=/188x141/images_classifieds/32/98/83b3-91b3-42f4-a14e-4cc760825e12/image
Gro?e 2-Raum-Wohnung in ruhiger Lage!,https://www.markt.de/wittenberg-lutherstadt/mietwohnungen/grosse+2+raum+wohnung+in+ruhiger+lage/a/d2f35cc4/,06886ÿWittenberg (Lutherstadt),,https://imagecache.markt.de/BggZtCQVj8emnQcSw5nf8IQIYPg=/188x141/images_classifieds/4f/86/c71a-d41a-4e53-8193-89a2e04a4dcc/image
"*Helle 2,5 - Raumwohnung mit gutem Grundriss*",https://www.markt.de/doebeln/mietwohnungen/helle+2+5+raumwohnung+mit+gutem+grundriss/a/d3481c6d/,04720ÿD?beln,,https://imagecache.markt.de/EO1R7Q6_VQiFhRF0n0YXr4V_Ac4=/188x141/images_classifieds/f0/92/c673-bda2-4d33-a9b5-58dbdd973f92/image
"AZUBI-Wohnung, 1-Raum, 2. Obergeschoss",https://www.markt.de/limbach-oberfrohna/mietwohnungen/azubi+wohnung+1+raum+2+obergeschoss/a/d43b1ab5/,09212ÿLimbach-Oberfrohna,,https://imagecache.markt.de/8CHshRPu7Sz_krivYaKHYCUrnlg=/188x141/images_classifieds/1e/03/46f6-3855-422e-9131-55eabd81ca04/image
charmante 2- Raum- Wohnung in Striesen ab sofort,https://www.markt.de/dresden/mietwohnungen/charmante+2+raum+wohnung+in+striesen+ab+sofort/a/d5a01ce4/,01277ÿDresden,,https://imagecache.markt.de/kyy8OAuxoS2tCmjrNUDufhHRhlg=/188x141/images_classifieds/3a/22/9180-0db1-422d-9919-4b7b613926ab/image
"gro?z?gige 1,5 Zimmerwohnung in Calw-Spe?hardt ab sofort",https://www.markt.de/calw/mietwohnungen/grosszuegige+1+5+zimmerwohnung+in+calw+spesshardt+ab+sofort/a/db83ee14/,D-75365 Calw,,https://imagecache.markt.de/FX-ARMnGYabkXiLrYrl-ZKQ3ucU=/188x141/images_classifieds/02/ce/75e1-bff1-4800-8f18-fe7675cac537/image
Extravagant loft as a unique piece with a penchant for detail,https://www.markt.de/erfurt/mietwohnungen/extravagantes+loft+als+unikat+mit+hang+zum+detail/a/dca5b614/,D-99096 Erfurt,,https://imagecache.markt.de/CaXUjlyCAihHIUfLjbtVf0WY5TM=/188x141/images_classifieds/fb/ed/5cc8-12e5-4897-b34b-328c5248292a/image
++ Living in a prime location! EVERYTHING NEW! ++,https://www.markt.de/zwickau/mietwohnungen/wohnen+in+bestlage+alles+neu/a/df44d496/,D-08056 Zwickau,,https://imagecache.markt.de/R9n8XJU8GuPoF1UCtooy8bqG-Pg=/188x141/images_classifieds/28/3c/e170-c6db-474a-8deb-d0b5f5791c8c/image
Cozy top floor apartment looking for new residents!,https://www.markt.de/castrop-rauxel/mietwohnungen/gemuetliche+dachgeschosswohnung+sucht+neuen+bewohner/a/e70965a7/,D-44575 Castrop-Rauxel,,https://imagecache.markt.de/v5gJDr3h3CkamS4o_079DZYZBpQ=/188x141/images_classifieds/1d/94/e3ff-783a-444c-af9c-55da3efc13f3/image
